filename,prediction_x,prediction_y
./data/processed_frames/2589_0_228_200.jpg,228,200
./data/processed_frames/2589_1_229_202.jpg,229,202
./data/processed_frames/2589_2_229_199.jpg,229,199
./data/processed_frames/2589_3_228_202.jpg,228,202
./data/processed_frames/2589_4_228_200.jpg,228,200
./data/processed_frames/2589_5_227_198.jpg,227,198
./data/processed_frames/2589_6_228_198.jpg,228,198
./data/processed_frames/2589_7_228_202.jpg,228,202
./data/processed_frames/2589_8_228_201.jpg,228,201
./data/processed_frames/2589_9_230_199.jpg,230,199
./data/processed_frames/2589_10_232_196.jpg,232,196
./data/processed_frames/2589_11_232_196.jpg,232,196
./data/processed_frames/2589_12_233_199.jpg,233,199
./data/processed_frames/2589_13_234_201.jpg,234,201
./data/processed_frames/2589_14_236_203.jpg,236,203
./data/processed_frames/2589_15_239_201.jpg,239,201
./data/processed_frames/2589_16_244_203.jpg,244,203
./data/processed_frames/2589_17_249_205.jpg,249,205
./data/processed_frames/2589_18_250_204.jpg,250,204
./data/processed_frames/2589_19_256_204.jpg,256,204
./data/processed_frames/2589_20_260_203.jpg,260,203
./data/processed_frames/2589_21_263_201.jpg,263,201
./data/processed_frames/2589_22_268_202.jpg,268,202
./data/processed_frames/2589_23_268_200.jpg,268,200
./data/processed_frames/2589_24_276_203.jpg,276,203
./data/processed_frames/2589_25_278_203.jpg,278,203
./data/processed_frames/2589_26_284_205.jpg,284,205
./data/processed_frames/2589_27_288_204.jpg,288,204
./data/processed_frames/2589_28_292_205.jpg,292,205
./data/processed_frames/2589_29_297_204.jpg,297,204
./data/processed_frames/2589_30_299_204.jpg,299,204
./data/processed_frames/2589_31_302_204.jpg,302,204
./data/processed_frames/2589_32_310_204.jpg,310,204
./data/processed_frames/2589_33_313_206.jpg,313,206
./data/processed_frames/2589_34_314_204.jpg,314,204
./data/processed_frames/2589_35_314_204.jpg,314,204
./data/processed_frames/2589_36_303_204.jpg,303,204
./data/processed_frames/2589_37_306_204.jpg,306,204
./data/processed_frames/2589_38_316_203.jpg,316,203
./data/processed_frames/2589_39_318_204.jpg,318,204
./data/processed_frames/2589_40_314_204.jpg,314,204
./data/processed_frames/2589_41_314_206.jpg,314,206
./data/processed_frames/2589_42_306_205.jpg,306,205
./data/processed_frames/2589_43_316_206.jpg,316,206
./data/processed_frames/2589_44_329_205.jpg,329,205
./data/processed_frames/2589_45_335_206.jpg,335,206
./data/processed_frames/2589_46_334_206.jpg,334,206
./data/processed_frames/2589_47_330_208.jpg,330,208
./data/processed_frames/2589_48_332_208.jpg,332,208
./data/processed_frames/2589_49_328_208.jpg,328,208
./data/processed_frames/2589_50_332_208.jpg,332,208
./data/processed_frames/2589_51_334_208.jpg,334,208
./data/processed_frames/2589_52_344_208.jpg,344,208
./data/processed_frames/2589_53_340_210.jpg,340,210
./data/processed_frames/2589_54_336_210.jpg,336,210
./data/processed_frames/2589_55_344_208.jpg,344,208
./data/processed_frames/2589_56_341_209.jpg,341,209
./data/processed_frames/2589_57_340_208.jpg,340,208
./data/processed_frames/2589_58_344_206.jpg,344,206
./data/processed_frames/2589_59_349_206.jpg,349,206
./data/processed_frames/2589_60_353_204.jpg,353,204
./data/processed_frames/2589_61_352_205.jpg,352,205
./data/processed_frames/2589_62_356_207.jpg,356,207
./data/processed_frames/2589_63_362_208.jpg,362,208
./data/processed_frames/2589_64_372_208.jpg,372,208
./data/processed_frames/2589_65_368_210.jpg,368,210
./data/processed_frames/2589_66_374_209.jpg,374,209
./data/processed_frames/2589_67_380_208.jpg,380,208
./data/processed_frames/2589_68_374_208.jpg,374,208
./data/processed_frames/2589_69_376_208.jpg,376,208
./data/processed_frames/2589_70_383_208.jpg,383,208
./data/processed_frames/2589_71_382_207.jpg,382,207
./data/processed_frames/2589_72_397_207.jpg,397,207
./data/processed_frames/2589_73_400_208.jpg,400,208
./data/processed_frames/2589_74_393_207.jpg,393,207
./data/processed_frames/2589_75_398_208.jpg,398,208
./data/processed_frames/2589_76_398_208.jpg,398,208
./data/processed_frames/2589_77_397_208.jpg,397,208
./data/processed_frames/2589_78_393_208.jpg,393,208
./data/processed_frames/2589_79_394_209.jpg,394,209
./data/processed_frames/2589_80_400_208.jpg,400,208
./data/processed_frames/2589_81_398_208.jpg,398,208
./data/processed_frames/2589_82_398_208.jpg,398,208
./data/processed_frames/2589_83_400_208.jpg,400,208
./data/processed_frames/2589_84_404_209.jpg,404,209
./data/processed_frames/2589_85_407_208.jpg,407,208
./data/processed_frames/2589_86_408_207.jpg,408,207
./data/processed_frames/2589_87_414_206.jpg,414,206
./data/processed_frames/2589_88_417_206.jpg,417,206
./data/processed_frames/2589_89_420_206.jpg,420,206
./data/processed_frames/2589_90_418_205.jpg,418,205
./data/processed_frames/2589_91_420_204.jpg,420,204
./data/processed_frames/2589_92_422_205.jpg,422,205
./data/processed_frames/2589_93_424_202.jpg,424,202
./data/processed_frames/2589_94_426_204.jpg,426,204
./data/processed_frames/2589_95_428_204.jpg,428,204
./data/processed_frames/2589_96_432_203.jpg,432,203
./data/processed_frames/2589_97_433_204.jpg,433,204
./data/processed_frames/2589_98_432_203.jpg,432,203
./data/processed_frames/2589_99_436_204.jpg,436,204
./data/processed_frames/2589_100_436_204.jpg,436,204
./data/processed_frames/2589_101_438_202.jpg,438,202
./data/processed_frames/2589_102_438_203.jpg,438,203
./data/processed_frames/2589_103_440_203.jpg,440,203
./data/processed_frames/2589_104_435_202.jpg,435,202
./data/processed_frames/2589_105_434_202.jpg,434,202
./data/processed_frames/2589_106_435_201.jpg,435,201
./data/processed_frames/2589_107_436_202.jpg,436,202
./data/processed_frames/2589_108_434_200.jpg,434,200
./data/processed_frames/2589_109_435_200.jpg,435,200
./data/processed_frames/2589_110_436_200.jpg,436,200
./data/processed_frames/2589_111_434_200.jpg,434,200
./data/processed_frames/2589_112_430_200.jpg,430,200
./data/processed_frames/2589_113_428_198.jpg,428,198
./data/processed_frames/2589_114_430_199.jpg,430,199
./data/processed_frames/2589_115_436_198.jpg,436,198
./data/processed_frames/2589_116_425_198.jpg,425,198
./data/processed_frames/2589_117_421_198.jpg,421,198
./data/processed_frames/2589_118_418_196.jpg,418,196
./data/processed_frames/2589_119_414_196.jpg,414,196
./data/processed_frames/2589_120_413_196.jpg,413,196
./data/processed_frames/2589_121_412_196.jpg,412,196
./data/processed_frames/2589_122_414_198.jpg,414,198
./data/processed_frames/2589_123_414_197.jpg,414,197
./data/processed_frames/2589_124_408_196.jpg,408,196
./data/processed_frames/2589_125_404_196.jpg,404,196
./data/processed_frames/2589_126_404_196.jpg,404,196
./data/processed_frames/2589_127_406_200.jpg,406,200
./data/processed_frames/2589_128_406_199.jpg,406,199
./data/processed_frames/2589_129_401_198.jpg,401,198
./data/processed_frames/2589_130_398_198.jpg,398,198
./data/processed_frames/2589_131_396_198.jpg,396,198
./data/processed_frames/2589_132_396_198.jpg,396,198
./data/processed_frames/2589_133_396_198.jpg,396,198
./data/processed_frames/2589_134_398_198.jpg,398,198
./data/processed_frames/2589_135_396_198.jpg,396,198
./data/processed_frames/2589_136_395_200.jpg,395,200
./data/processed_frames/2589_137_394_198.jpg,394,198
./data/processed_frames/2589_138_394_199.jpg,394,199
./data/processed_frames/2589_139_396_200.jpg,396,200
./data/processed_frames/2589_140_396_199.jpg,396,199
./data/processed_frames/2589_141_393_200.jpg,393,200
./data/processed_frames/2589_142_392_197.jpg,392,197
./data/processed_frames/2589_143_390_198.jpg,390,198
./data/processed_frames/2589_144_386_198.jpg,386,198
./data/processed_frames/2589_145_386_198.jpg,386,198
./data/processed_frames/2589_146_384_198.jpg,384,198
./data/processed_frames/2589_147_382_199.jpg,382,199
./data/processed_frames/2589_148_382_198.jpg,382,198
./data/processed_frames/2589_149_383_197.jpg,383,197
./data/processed_frames/2589_150_380_198.jpg,380,198
./data/processed_frames/2589_151_380_198.jpg,380,198
./data/processed_frames/2589_152_376_198.jpg,376,198
./data/processed_frames/2589_153_374_198.jpg,374,198
./data/processed_frames/2589_154_372_198.jpg,372,198
./data/processed_frames/2589_155_370_198.jpg,370,198
./data/processed_frames/2589_156_368_197.jpg,368,197
./data/processed_frames/2589_157_367_196.jpg,367,196
./data/processed_frames/2589_158_366_196.jpg,366,196
./data/processed_frames/2589_159_365_197.jpg,365,197
./data/processed_frames/2589_160_363_197.jpg,363,197
./data/processed_frames/2589_161_362_197.jpg,362,197
./data/processed_frames/2589_162_360_197.jpg,360,197
./data/processed_frames/2589_163_363_198.jpg,363,198
./data/processed_frames/2589_164_363_199.jpg,363,199
./data/processed_frames/2589_165_361_198.jpg,361,198
./data/processed_frames/2589_166_360_198.jpg,360,198
./data/processed_frames/2589_167_360_200.jpg,360,200
./data/processed_frames/2589_168_361_200.jpg,361,200
./data/processed_frames/2589_169_358_200.jpg,358,200
./data/processed_frames/2589_170_355_200.jpg,355,200
./data/processed_frames/2589_171_354_199.jpg,354,199
./data/processed_frames/2589_172_350_200.jpg,350,200
./data/processed_frames/2589_173_354_200.jpg,354,200
./data/processed_frames/2589_174_350_202.jpg,350,202
./data/processed_frames/2589_175_346_200.jpg,346,200
./data/processed_frames/2589_176_344_200.jpg,344,200
./data/processed_frames/2589_177_342_200.jpg,342,200
./data/processed_frames/2589_178_339_201.jpg,339,201
./data/processed_frames/2589_179_340_201.jpg,340,201
./data/processed_frames/2589_180_340_202.jpg,340,202
./data/processed_frames/2589_181_342_202.jpg,342,202
./data/processed_frames/2589_182_342_202.jpg,342,202
./data/processed_frames/2589_183_338_200.jpg,338,200
./data/processed_frames/2589_184_337_200.jpg,337,200
./data/processed_frames/2589_185_336_198.jpg,336,198
./data/processed_frames/2589_186_334_198.jpg,334,198
./data/processed_frames/2589_187_332_199.jpg,332,199
./data/processed_frames/2589_188_332_198.jpg,332,198
./data/processed_frames/2589_189_331_199.jpg,331,199
./data/processed_frames/2589_190_332_200.jpg,332,200
./data/processed_frames/2589_191_329_198.jpg,329,198
./data/processed_frames/2589_192_328_198.jpg,328,198
./data/processed_frames/2589_193_322_198.jpg,322,198
./data/processed_frames/2589_194_324_198.jpg,324,198
./data/processed_frames/2589_195_326_198.jpg,326,198
./data/processed_frames/2589_196_323_195.jpg,323,195
./data/processed_frames/2589_197_317_197.jpg,317,197
./data/processed_frames/2589_198_316_198.jpg,316,198
./data/processed_frames/2589_199_317_200.jpg,317,200
./data/processed_frames/2589_200_316_200.jpg,316,200
./data/processed_frames/2589_201_312_200.jpg,312,200
./data/processed_frames/2589_202_310_200.jpg,310,200
./data/processed_frames/2589_203_308_198.jpg,308,198
./data/processed_frames/2589_204_302_195.jpg,302,195
./data/processed_frames/2589_205_301_194.jpg,301,194
./data/processed_frames/2589_206_298_194.jpg,298,194
./data/processed_frames/2589_207_300_194.jpg,300,194
./data/processed_frames/2589_208_296_192.jpg,296,192
./data/processed_frames/2589_209_295_194.jpg,295,194
./data/processed_frames/2589_210_292_192.jpg,292,192
./data/processed_frames/2589_211_292_194.jpg,292,194
./data/processed_frames/2589_212_291_194.jpg,291,194
./data/processed_frames/2589_213_290_194.jpg,290,194
./data/processed_frames/2589_214_287_195.jpg,287,195
./data/processed_frames/2589_215_285_196.jpg,285,196
./data/processed_frames/2589_216_276_194.jpg,276,194
./data/processed_frames/2589_217_276_194.jpg,276,194
./data/processed_frames/2589_218_275_194.jpg,275,194
./data/processed_frames/2589_219_273_194.jpg,273,194
./data/processed_frames/2589_220_270_195.jpg,270,195
./data/processed_frames/2589_221_267_194.jpg,267,194
./data/processed_frames/2589_222_265_194.jpg,265,194
./data/processed_frames/2589_223_263_195.jpg,263,195
./data/processed_frames/2589_224_256_194.jpg,256,194
./data/processed_frames/2589_225_256_196.jpg,256,196
./data/processed_frames/2589_226_254_196.jpg,254,196
./data/processed_frames/2589_227_252_196.jpg,252,196
./data/processed_frames/2589_228_246_196.jpg,246,196
./data/processed_frames/2589_229_247_195.jpg,247,195
./data/processed_frames/2589_230_246_198.jpg,246,198
./data/processed_frames/2589_231_246_197.jpg,246,197
./data/processed_frames/2589_232_240_197.jpg,240,197
./data/processed_frames/2589_233_224_196.jpg,224,196
./data/processed_frames/2589_234_238_198.jpg,238,198
./data/processed_frames/2589_235_230_200.jpg,230,200
./data/processed_frames/2589_236_217_200.jpg,217,200
./data/processed_frames/2589_237_222_200.jpg,222,200
./data/processed_frames/2589_238_221_201.jpg,221,201
./data/processed_frames/2589_239_220_200.jpg,220,200
./data/processed_frames/2589_240_216_198.jpg,216,198
./data/processed_frames/2589_241_214_200.jpg,214,200
./data/processed_frames/2589_242_210_202.jpg,210,202
./data/processed_frames/2589_243_202_204.jpg,202,204
./data/processed_frames/2589_244_192_204.jpg,192,204
./data/processed_frames/2589_245_185_200.jpg,185,200
./data/processed_frames/2589_246_183_202.jpg,183,202
./data/processed_frames/2589_247_179_200.jpg,179,200
./data/processed_frames/2589_248_174_198.jpg,174,198
./data/processed_frames/2589_249_170_204.jpg,170,204
./data/processed_frames/2589_250_164_204.jpg,164,204
./data/processed_frames/2589_251_158_205.jpg,158,205
./data/processed_frames/2589_252_145_210.jpg,145,210
./data/processed_frames/2589_253_138_206.jpg,138,206
./data/processed_frames/2589_254_137_204.jpg,137,204
./data/processed_frames/2589_255_112_212.jpg,112,212
./data/processed_frames/2589_256_106_207.jpg,106,207
./data/processed_frames/2589_257_116_204.jpg,116,204
./data/processed_frames/2589_258_94_202.jpg,94,202
./data/processed_frames/2589_259_88_202.jpg,88,202
./data/processed_frames/2589_260_82_204.jpg,82,204
./data/processed_frames/2589_261_72_208.jpg,72,208
./data/processed_frames/2589_262_72_212.jpg,72,212
./data/processed_frames/2589_263_62_206.jpg,62,206
./data/processed_frames/2589_264_58_206.jpg,58,206
./data/processed_frames/2589_265_54_214.jpg,54,214
./data/processed_frames/2589_266_46_230.jpg,46,230
./data/processed_frames/2589_267_42_230.jpg,42,230
./data/processed_frames/2589_268_105_184.jpg,105,184
./data/processed_frames/2589_269_110_182.jpg,110,182
./data/processed_frames/2589_270_254_186.jpg,254,186
./data/processed_frames/2589_271_274_186.jpg,274,186
./data/processed_frames/2589_272_292_188.jpg,292,188
./data/processed_frames/2589_273_296_188.jpg,296,188
./data/processed_frames/2589_274_309_188.jpg,309,188
./data/processed_frames/2589_275_322_188.jpg,322,188
./data/processed_frames/2589_276_326_192.jpg,326,192
./data/processed_frames/2589_277_335_192.jpg,335,192
./data/processed_frames/2589_278_346_194.jpg,346,194
./data/processed_frames/2589_279_356_193.jpg,356,193
./data/processed_frames/2589_280_356_194.jpg,356,194
./data/processed_frames/2589_281_373_194.jpg,373,194
./data/processed_frames/2589_282_383_194.jpg,383,194
./data/processed_frames/2589_283_390_196.jpg,390,196
./data/processed_frames/2589_284_398_195.jpg,398,195
./data/processed_frames/2589_285_430_196.jpg,430,196
./data/processed_frames/2589_286_436_198.jpg,436,198
./data/processed_frames/2589_287_434_196.jpg,434,196
./data/processed_frames/2589_288_443_197.jpg,443,197
./data/processed_frames/2589_289_453_200.jpg,453,200
./data/processed_frames/2589_290_446_199.jpg,446,199
./data/processed_frames/2589_291_442_199.jpg,442,199
./data/processed_frames/2589_292_463_197.jpg,463,197
./data/processed_frames/2589_293_474_198.jpg,474,198
./data/processed_frames/2589_294_476_197.jpg,476,197
./data/processed_frames/2589_295_475_200.jpg,475,200
./data/processed_frames/2589_296_469_198.jpg,469,198
./data/processed_frames/2589_297_476_201.jpg,476,201
./data/processed_frames/2589_298_488_202.jpg,488,202
./data/processed_frames/2589_299_488_201.jpg,488,201
./data/processed_frames/2589_300_488_202.jpg,488,202
./data/processed_frames/2589_301_490_201.jpg,490,201
./data/processed_frames/2589_302_490_200.jpg,490,200
./data/processed_frames/2589_303_488_201.jpg,488,201
./data/processed_frames/2589_304_488_200.jpg,488,200
./data/processed_frames/2589_305_490_200.jpg,490,200
./data/processed_frames/2589_306_492_200.jpg,492,200
./data/processed_frames/2589_307_495_202.jpg,495,202
./data/processed_frames/2589_308_496_199.jpg,496,199
./data/processed_frames/2589_309_500_196.jpg,500,196
./data/processed_frames/2589_310_502_198.jpg,502,198
./data/processed_frames/2589_311_500_198.jpg,500,198
./data/processed_frames/2589_312_501_200.jpg,501,200
./data/processed_frames/2589_313_503_199.jpg,503,199
./data/processed_frames/2589_314_504_200.jpg,504,200
./data/processed_frames/2589_315_504_200.jpg,504,200
./data/processed_frames/2589_316_503_200.jpg,503,200
./data/processed_frames/2589_317_502_202.jpg,502,202
./data/processed_frames/2589_318_504_202.jpg,504,202
./data/processed_frames/2589_319_502_202.jpg,502,202
./data/processed_frames/2589_320_500_200.jpg,500,200
./data/processed_frames/2589_321_500_202.jpg,500,202
./data/processed_frames/2589_322_494_203.jpg,494,203
./data/processed_frames/2589_323_493_202.jpg,493,202
./data/processed_frames/2589_324_496_204.jpg,496,204
./data/processed_frames/2589_325_492_203.jpg,492,203
./data/processed_frames/2589_326_491_202.jpg,491,202
./data/processed_frames/2589_327_490_202.jpg,490,202
./data/processed_frames/2589_328_490_200.jpg,490,200
./data/processed_frames/2589_329_484_201.jpg,484,201
./data/processed_frames/2589_330_486_202.jpg,486,202
./data/processed_frames/2589_331_482_201.jpg,482,201
./data/processed_frames/2589_332_484_201.jpg,484,201
./data/processed_frames/2589_333_483_202.jpg,483,202
./data/processed_frames/2589_334_484_199.jpg,484,199
./data/processed_frames/2589_335_482_201.jpg,482,201
./data/processed_frames/2589_336_482_200.jpg,482,200
./data/processed_frames/2589_337_480_200.jpg,480,200
./data/processed_frames/2589_338_480_201.jpg,480,201
./data/processed_frames/2589_339_474_202.jpg,474,202
./data/processed_frames/2589_340_474_203.jpg,474,203
./data/processed_frames/2589_341_472_203.jpg,472,203
./data/processed_frames/2589_342_470_204.jpg,470,204
./data/processed_frames/2589_343_470_204.jpg,470,204
./data/processed_frames/2589_344_468_204.jpg,468,204
./data/processed_frames/2589_345_464_202.jpg,464,202
./data/processed_frames/2589_346_463_202.jpg,463,202
./data/processed_frames/2589_347_460_203.jpg,460,203
./data/processed_frames/2589_348_459_202.jpg,459,202
./data/processed_frames/2589_349_464_203.jpg,464,203
./data/processed_frames/2589_350_455_202.jpg,455,202
./data/processed_frames/2589_351_457_202.jpg,457,202
./data/processed_frames/2589_352_458_204.jpg,458,204
./data/processed_frames/2589_353_457_204.jpg,457,204
./data/processed_frames/2589_354_456_203.jpg,456,203
./data/processed_frames/2589_355_456_204.jpg,456,204
./data/processed_frames/2589_356_456_202.jpg,456,202
./data/processed_frames/2589_357_458_202.jpg,458,202
./data/processed_frames/2589_358_465_199.jpg,465,199
./data/processed_frames/2589_359_464_202.jpg,464,202
./data/processed_frames/2589_360_466_200.jpg,466,200
./data/processed_frames/2589_361_462_202.jpg,462,202
./data/processed_frames/2589_362_461_202.jpg,461,202
./data/processed_frames/2589_363_462_202.jpg,462,202
./data/processed_frames/2589_364_465_204.jpg,465,204
./data/processed_frames/2589_365_469_204.jpg,469,204
./data/processed_frames/2589_366_468_204.jpg,468,204
./data/processed_frames/2589_367_468_204.jpg,468,204
./data/processed_frames/2589_368_470_202.jpg,470,202
./data/processed_frames/2589_369_470_202.jpg,470,202
./data/processed_frames/2589_370_472_206.jpg,472,206
./data/processed_frames/2589_371_470_206.jpg,470,206
./data/processed_frames/2589_372_474_204.jpg,474,204
./data/processed_frames/2589_373_478_206.jpg,478,206
./data/processed_frames/2589_374_484_206.jpg,484,206
./data/processed_frames/2589_375_485_204.jpg,485,204
./data/processed_frames/2589_376_486_204.jpg,486,204
./data/processed_frames/2589_377_491_204.jpg,491,204
./data/processed_frames/2589_378_490_204.jpg,490,204
./data/processed_frames/2589_379_490_204.jpg,490,204
./data/processed_frames/2589_380_492_204.jpg,492,204
./data/processed_frames/2589_381_490_204.jpg,490,204
./data/processed_frames/2589_382_492_204.jpg,492,204
./data/processed_frames/2589_383_490_204.jpg,490,204
./data/processed_frames/2589_384_487_204.jpg,487,204
./data/processed_frames/2589_385_489_204.jpg,489,204
./data/processed_frames/2589_386_488_204.jpg,488,204
./data/processed_frames/2589_387_490_204.jpg,490,204
./data/processed_frames/2589_388_490_202.jpg,490,202
./data/processed_frames/2589_389_486_204.jpg,486,204
./data/processed_frames/2589_390_478_206.jpg,478,206
./data/processed_frames/2589_391_480_204.jpg,480,204
./data/processed_frames/2589_392_476_204.jpg,476,204
./data/processed_frames/2589_393_473_205.jpg,473,205
./data/processed_frames/2589_394_470_204.jpg,470,204
./data/processed_frames/2589_395_465_206.jpg,465,206
./data/processed_frames/2589_396_457_206.jpg,457,206
./data/processed_frames/2589_397_452_204.jpg,452,204
./data/processed_frames/2589_398_446_204.jpg,446,204
./data/processed_frames/2589_399_440_205.jpg,440,205
./data/processed_frames/2589_400_435_204.jpg,435,204
./data/processed_frames/2589_401_430_205.jpg,430,205
./data/processed_frames/2589_402_414_203.jpg,414,203
./data/processed_frames/2589_403_403_203.jpg,403,203
./data/processed_frames/2589_404_390_202.jpg,390,202
./data/processed_frames/2589_405_382_202.jpg,382,202
./data/processed_frames/2589_406_374_202.jpg,374,202
./data/processed_frames/2589_407_367_203.jpg,367,203
./data/processed_frames/2589_408_361_202.jpg,361,202
./data/processed_frames/2589_409_352_202.jpg,352,202
./data/processed_frames/2589_410_347_201.jpg,347,201
./data/processed_frames/2589_411_342_200.jpg,342,200
./data/processed_frames/2589_412_336_198.jpg,336,198
./data/processed_frames/2589_413_314_200.jpg,314,200
./data/processed_frames/2589_414_267_198.jpg,267,198
./data/processed_frames/2589_415_37_242.jpg,37,242
./data/processed_frames/2589_416_38_250.jpg,38,250
./data/processed_frames/2589_417_71_188.jpg,71,188
./data/processed_frames/2589_418_81_185.jpg,81,185
./data/processed_frames/2589_419_79_190.jpg,79,190
./data/processed_frames/2589_420_84_188.jpg,84,188
./data/processed_frames/2589_421_87_186.jpg,87,186
./data/processed_frames/2589_422_88_190.jpg,88,190
./data/processed_frames/2589_423_92_188.jpg,92,188
./data/processed_frames/2589_424_100_186.jpg,100,186
./data/processed_frames/2589_425_120_187.jpg,120,187
./data/processed_frames/2589_426_124_188.jpg,124,188
./data/processed_frames/2589_427_135_184.jpg,135,184
./data/processed_frames/2589_428_162_152.jpg,162,152
./data/processed_frames/2589_429_166_155.jpg,166,155
./data/processed_frames/2589_430_170_153.jpg,170,153
./data/processed_frames/2589_431_173_156.jpg,173,156
./data/processed_frames/2589_432_172_156.jpg,172,156
./data/processed_frames/2589_433_174_158.jpg,174,158
./data/processed_frames/2589_434_178_161.jpg,178,161
./data/processed_frames/2589_435_238_156.jpg,238,156
./data/processed_frames/2589_436_241_156.jpg,241,156
./data/processed_frames/2589_437_244_155.jpg,244,155
./data/processed_frames/2589_438_248_156.jpg,248,156
./data/processed_frames/2589_439_250_156.jpg,250,156
./data/processed_frames/2589_440_251_156.jpg,251,156
./data/processed_frames/2589_441_254_159.jpg,254,159
./data/processed_frames/2589_442_257_160.jpg,257,160
./data/processed_frames/2589_443_260_159.jpg,260,159
./data/processed_frames/2589_444_264_158.jpg,264,158
./data/processed_frames/2589_445_266_162.jpg,266,162
./data/processed_frames/2589_446_268_162.jpg,268,162
./data/processed_frames/2589_447_270_166.jpg,270,166
./data/processed_frames/2589_448_272_166.jpg,272,166
./data/processed_frames/2589_449_276_164.jpg,276,164
./data/processed_frames/2589_450_278_164.jpg,278,164
./data/processed_frames/2589_451_278_166.jpg,278,166
./data/processed_frames/2589_452_279_166.jpg,279,166
./data/processed_frames/2589_453_280_168.jpg,280,168
./data/processed_frames/2589_454_280_165.jpg,280,165
./data/processed_frames/2589_455_281_167.jpg,281,167
./data/processed_frames/2589_456_282_168.jpg,282,168
./data/processed_frames/2589_457_280_168.jpg,280,168
./data/processed_frames/2589_458_280_171.jpg,280,171
./data/processed_frames/2589_459_280_167.jpg,280,167
./data/processed_frames/2589_460_279_169.jpg,279,169
./data/processed_frames/2589_461_280_166.jpg,280,166
./data/processed_frames/2589_462_278_172.jpg,278,172
./data/processed_frames/2589_463_276_163.jpg,276,163
./data/processed_frames/2589_464_275_170.jpg,275,170
./data/processed_frames/2589_465_274_173.jpg,274,173
./data/processed_frames/2589_466_272_172.jpg,272,172
./data/processed_frames/2589_467_269_178.jpg,269,178
./data/processed_frames/2589_468_266_180.jpg,266,180
./data/processed_frames/2589_469_262_178.jpg,262,178
./data/processed_frames/2589_470_258_186.jpg,258,186
./data/processed_frames/2589_471_252_182.jpg,252,182
./data/processed_frames/2589_472_249_181.jpg,249,181
./data/processed_frames/2589_473_240_142.jpg,240,142
./data/processed_frames/2589_474_233_162.jpg,233,162
./data/processed_frames/2589_475_183_162.jpg,183,162
./data/processed_frames/2589_476_179_170.jpg,179,170
./data/processed_frames/2589_477_164_195.jpg,164,195
./data/processed_frames/2589_478_154_197.jpg,154,197
./data/processed_frames/2589_479_152_199.jpg,152,199
./data/processed_frames/2589_480_150_196.jpg,150,196
./data/processed_frames/2589_481_142_174.jpg,142,174
./data/processed_frames/2589_482_141_166.jpg,141,166
./data/processed_frames/2589_483_136_162.jpg,136,162
./data/processed_frames/2589_484_132_154.jpg,132,154
./data/processed_frames/2589_485_114_152.jpg,114,152
./data/processed_frames/2589_486_109_156.jpg,109,156
./data/processed_frames/2589_487_91_170.jpg,91,170
./data/processed_frames/2589_488_88_194.jpg,88,194
./data/processed_frames/2589_489_84_198.jpg,84,198
./data/processed_frames/2589_490_82_202.jpg,82,202
./data/processed_frames/2589_491_82_150.jpg,82,150
./data/processed_frames/2589_492_78_198.jpg,78,198
./data/processed_frames/2589_493_74_160.jpg,74,160
./data/processed_frames/2589_494_74_202.jpg,74,202
./data/processed_frames/2589_495_71_197.jpg,71,197
./data/processed_frames/2589_496_68_152.jpg,68,152
./data/processed_frames/2589_497_61_147.jpg,61,147
./data/processed_frames/2589_498_58_148.jpg,58,148
./data/processed_frames/2589_499_52_152.jpg,52,152
./data/processed_frames/2589_500_36_242.jpg,36,242
./data/processed_frames/2589_501_53_192.jpg,53,192
./data/processed_frames/2589_502_58_204.jpg,58,204
./data/processed_frames/2589_503_61_198.jpg,61,198
./data/processed_frames/2589_504_63_203.jpg,63,203
./data/processed_frames/2589_505_68_204.jpg,68,204
./data/processed_frames/2589_506_72_203.jpg,72,203
./data/processed_frames/2589_507_79_204.jpg,79,204
./data/processed_frames/2589_508_85_202.jpg,85,202
./data/processed_frames/2589_509_90_200.jpg,90,200
./data/processed_frames/2589_510_103_190.jpg,103,190
./data/processed_frames/2589_511_118_202.jpg,118,202
./data/processed_frames/2589_512_138_204.jpg,138,204
./data/processed_frames/2589_513_149_198.jpg,149,198
./data/processed_frames/2589_514_172_203.jpg,172,203
./data/processed_frames/2589_515_186_199.jpg,186,199
./data/processed_frames/2589_516_203_206.jpg,203,206
./data/processed_frames/2589_517_220_203.jpg,220,203
./data/processed_frames/2589_518_239_202.jpg,239,202
./data/processed_frames/2589_519_251_201.jpg,251,201
./data/processed_frames/2589_520_268_200.jpg,268,200
./data/processed_frames/2589_521_274_198.jpg,274,198
./data/processed_frames/2589_522_279_186.jpg,279,186
./data/processed_frames/2589_523_284_196.jpg,284,196
./data/processed_frames/2589_524_286_203.jpg,286,203
./data/processed_frames/2589_525_288_208.jpg,288,208
./data/processed_frames/2589_526_288_201.jpg,288,201
./data/processed_frames/2589_527_292_204.jpg,292,204
./data/processed_frames/2589_528_294_219.jpg,294,219
./data/processed_frames/2589_529_295_209.jpg,295,209
./data/processed_frames/2589_530_295_212.jpg,295,212
./data/processed_frames/2589_531_297_220.jpg,297,220
./data/processed_frames/2589_532_298_220.jpg,298,220
./data/processed_frames/2589_533_300_222.jpg,300,222
./data/processed_frames/2589_534_301_222.jpg,301,222
./data/processed_frames/2589_535_300_221.jpg,300,221
./data/processed_frames/2589_536_300_221.jpg,300,221
./data/processed_frames/2589_537_300_223.jpg,300,223
./data/processed_frames/2589_538_300_230.jpg,300,230
./data/processed_frames/2589_539_302_230.jpg,302,230
./data/processed_frames/2589_540_298_228.jpg,298,228
./data/processed_frames/2589_541_300_228.jpg,300,228
./data/processed_frames/2589_542_298_232.jpg,298,232
./data/processed_frames/2589_543_298_232.jpg,298,232
./data/processed_frames/2589_544_300_235.jpg,300,235
./data/processed_frames/2589_545_300_240.jpg,300,240
./data/processed_frames/2589_546_300_238.jpg,300,238
./data/processed_frames/2589_547_298_240.jpg,298,240
./data/processed_frames/2589_548_298_234.jpg,298,234
./data/processed_frames/2589_549_298_243.jpg,298,243
./data/processed_frames/2589_550_299_244.jpg,299,244
./data/processed_frames/2589_551_302_245.jpg,302,245
./data/processed_frames/2589_552_298_245.jpg,298,245
./data/processed_frames/2589_553_300_242.jpg,300,242
./data/processed_frames/2589_554_302_246.jpg,302,246
./data/processed_frames/2589_555_302_247.jpg,302,247
./data/processed_frames/2589_556_304_250.jpg,304,250
./data/processed_frames/2589_557_305_247.jpg,305,247
./data/processed_frames/2589_558_308_246.jpg,308,246
./data/processed_frames/2589_559_310_249.jpg,310,249
./data/processed_frames/2589_560_311_246.jpg,311,246
./data/processed_frames/2589_561_313_247.jpg,313,247
./data/processed_frames/2589_562_313_247.jpg,313,247
./data/processed_frames/2589_563_314_250.jpg,314,250
./data/processed_frames/2589_564_318_248.jpg,318,248
./data/processed_frames/2589_565_320_248.jpg,320,248
./data/processed_frames/2589_566_324_245.jpg,324,245
./data/processed_frames/2589_567_326_242.jpg,326,242
./data/processed_frames/2589_568_328_244.jpg,328,244
./data/processed_frames/2589_569_330_243.jpg,330,243
./data/processed_frames/2589_570_332_242.jpg,332,242
./data/processed_frames/2589_571_332_242.jpg,332,242
./data/processed_frames/2589_572_331_242.jpg,331,242
./data/processed_frames/2589_573_334_241.jpg,334,241
./data/processed_frames/2589_574_337_241.jpg,337,241
./data/processed_frames/2589_575_334_237.jpg,334,237
./data/processed_frames/2589_576_339_238.jpg,339,238
./data/processed_frames/2589_577_335_236.jpg,335,236
./data/processed_frames/2589_578_336_238.jpg,336,238
./data/processed_frames/2589_579_336_236.jpg,336,236
./data/processed_frames/2589_580_336_235.jpg,336,235
./data/processed_frames/2589_581_336_234.jpg,336,234
./data/processed_frames/2589_582_337_232.jpg,337,232
./data/processed_frames/2589_583_337_230.jpg,337,230
./data/processed_frames/2589_584_338_228.jpg,338,228
./data/processed_frames/2589_585_336_226.jpg,336,226
./data/processed_frames/2589_586_332_227.jpg,332,227
./data/processed_frames/2589_587_330_226.jpg,330,226
./data/processed_frames/2589_588_336_224.jpg,336,224
./data/processed_frames/2589_589_330_225.jpg,330,225
./data/processed_frames/2589_590_328_226.jpg,328,226
./data/processed_frames/2589_591_328_222.jpg,328,222
./data/processed_frames/2589_592_328_217.jpg,328,217
./data/processed_frames/2589_593_326_222.jpg,326,222
./data/processed_frames/2589_594_326_218.jpg,326,218
./data/processed_frames/2589_595_326_210.jpg,326,210
./data/processed_frames/2589_596_320_219.jpg,320,219
./data/processed_frames/2589_597_320_207.jpg,320,207
./data/processed_frames/2589_598_315_214.jpg,315,214
./data/processed_frames/2589_599_312_218.jpg,312,218
./data/processed_frames/2589_600_310_220.jpg,310,220
./data/processed_frames/2589_601_306_220.jpg,306,220
./data/processed_frames/2589_602_302_207.jpg,302,207
./data/processed_frames/2589_603_300_208.jpg,300,208
./data/processed_frames/2589_604_296_198.jpg,296,198
./data/processed_frames/2589_605_292_202.jpg,292,202
./data/processed_frames/2589_606_286_200.jpg,286,200
./data/processed_frames/2589_607_279_202.jpg,279,202
./data/processed_frames/2589_608_268_205.jpg,268,205
./data/processed_frames/2589_609_264_204.jpg,264,204
./data/processed_frames/2589_610_258_204.jpg,258,204
./data/processed_frames/2589_611_256_201.jpg,256,201
./data/processed_frames/2589_612_254_200.jpg,254,200
./data/processed_frames/2589_613_254_198.jpg,254,198
./data/processed_frames/2589_614_250_194.jpg,250,194
./data/processed_frames/2589_615_244_198.jpg,244,198
./data/processed_frames/2589_616_250_190.jpg,250,190
./data/processed_frames/2589_617_251_193.jpg,251,193
./data/processed_frames/2589_618_252_166.jpg,252,166
./data/processed_frames/2589_619_250_196.jpg,250,196
./data/processed_frames/2589_620_250_190.jpg,250,190
./data/processed_frames/2589_621_250_172.jpg,250,172
./data/processed_frames/2589_622_250_194.jpg,250,194
./data/processed_frames/2589_623_250_195.jpg,250,195
./data/processed_frames/2589_624_249_199.jpg,249,199
./data/processed_frames/2589_625_250_166.jpg,250,166
./data/processed_frames/2589_626_250_164.jpg,250,164
./data/processed_frames/2589_627_252_164.jpg,252,164
./data/processed_frames/2589_628_253_162.jpg,253,162
./data/processed_frames/2589_629_251_164.jpg,251,164
./data/processed_frames/2589_630_252_164.jpg,252,164
./data/processed_frames/2589_631_252_167.jpg,252,167
./data/processed_frames/2589_632_253_198.jpg,253,198
./data/processed_frames/2589_633_253_196.jpg,253,196
./data/processed_frames/2589_634_259_200.jpg,259,200
./data/processed_frames/2589_635_256_203.jpg,256,203
./data/processed_frames/2589_636_256_203.jpg,256,203
./data/processed_frames/2589_637_258_204.jpg,258,204
./data/processed_frames/2589_638_259_194.jpg,259,194
./data/processed_frames/2589_639_256_168.jpg,256,168
./data/processed_frames/2589_640_256_204.jpg,256,204
./data/processed_frames/2589_641_256_202.jpg,256,202
./data/processed_frames/2589_642_256_200.jpg,256,200
./data/processed_frames/2589_643_252_203.jpg,252,203
./data/processed_frames/2589_644_253_190.jpg,253,190
./data/processed_frames/2589_645_254_203.jpg,254,203
./data/processed_frames/2589_646_254_206.jpg,254,206
./data/processed_frames/2589_647_252_208.jpg,252,208
./data/processed_frames/2589_648_254_208.jpg,254,208
./data/processed_frames/2589_649_252_208.jpg,252,208
./data/processed_frames/2589_650_252_162.jpg,252,162
./data/processed_frames/2589_651_250_206.jpg,250,206
./data/processed_frames/2589_652_250_210.jpg,250,210
./data/processed_frames/2589_653_250_210.jpg,250,210
./data/processed_frames/2589_654_248_204.jpg,248,204
./data/processed_frames/2589_655_250_196.jpg,250,196
./data/processed_frames/2589_656_248_205.jpg,248,205
./data/processed_frames/2589_657_248_208.jpg,248,208
./data/processed_frames/2589_658_246_212.jpg,246,212
./data/processed_frames/2589_659_246_209.jpg,246,209
./data/processed_frames/2589_660_244_200.jpg,244,200
./data/processed_frames/2589_661_242_210.jpg,242,210
./data/processed_frames/2589_662_242_212.jpg,242,212
./data/processed_frames/2589_663_241_212.jpg,241,212
./data/processed_frames/2589_664_240_194.jpg,240,194
./data/processed_frames/2589_665_243_217.jpg,243,217
./data/processed_frames/2589_666_240_216.jpg,240,216
./data/processed_frames/2589_667_240_212.jpg,240,212
./data/processed_frames/2589_668_241_200.jpg,241,200
./data/processed_frames/2589_669_242_205.jpg,242,205
./data/processed_frames/2589_670_240_182.jpg,240,182
./data/processed_frames/2589_671_240_198.jpg,240,198
./data/processed_frames/2589_672_240_196.jpg,240,196
./data/processed_frames/2589_673_240_208.jpg,240,208
./data/processed_frames/2589_674_242_192.jpg,242,192
./data/processed_frames/2589_675_241_200.jpg,241,200
./data/processed_frames/2589_676_241_192.jpg,241,192
./data/processed_frames/2589_677_240_194.jpg,240,194
./data/processed_frames/2589_678_242_214.jpg,242,214
./data/processed_frames/2589_679_242_207.jpg,242,207
./data/processed_frames/2589_680_240_208.jpg,240,208
./data/processed_frames/2589_681_242_222.jpg,242,222
./data/processed_frames/2589_682_243_223.jpg,243,223
./data/processed_frames/2589_683_242_225.jpg,242,225
./data/processed_frames/2589_684_244_224.jpg,244,224
./data/processed_frames/2589_685_246_200.jpg,246,200
./data/processed_frames/2589_686_248_222.jpg,248,222
./data/processed_frames/2589_687_248_222.jpg,248,222
./data/processed_frames/2589_688_250_226.jpg,250,226
./data/processed_frames/2589_689_250_228.jpg,250,228
./data/processed_frames/2589_690_253_224.jpg,253,224
./data/processed_frames/2589_691_256_228.jpg,256,228
./data/processed_frames/2589_692_258_226.jpg,258,226
./data/processed_frames/2589_693_260_228.jpg,260,228
./data/processed_frames/2589_694_258_202.jpg,258,202
./data/processed_frames/2589_695_262_228.jpg,262,228
./data/processed_frames/2589_696_262_230.jpg,262,230
./data/processed_frames/2589_697_263_232.jpg,263,232
./data/processed_frames/2589_698_262_233.jpg,262,233
./data/processed_frames/2589_699_263_236.jpg,263,236
./data/processed_frames/2589_700_264_230.jpg,264,230
./data/processed_frames/2589_701_264_230.jpg,264,230
./data/processed_frames/2589_702_264_228.jpg,264,228
./data/processed_frames/2589_703_263_236.jpg,263,236
./data/processed_frames/2589_704_263_230.jpg,263,230
./data/processed_frames/2589_705_263_232.jpg,263,232
./data/processed_frames/2589_706_263_238.jpg,263,238
./data/processed_frames/2589_707_262_238.jpg,262,238
./data/processed_frames/2589_708_262_237.jpg,262,237
./data/processed_frames/2589_709_261_240.jpg,261,240
./data/processed_frames/2589_710_261_238.jpg,261,238
./data/processed_frames/2589_711_260_238.jpg,260,238
./data/processed_frames/2589_712_260_235.jpg,260,235
./data/processed_frames/2589_713_260_236.jpg,260,236
./data/processed_frames/2589_714_258_236.jpg,258,236
./data/processed_frames/2589_715_257_236.jpg,257,236
./data/processed_frames/2589_716_256_235.jpg,256,235
./data/processed_frames/2589_717_255_234.jpg,255,234
./data/processed_frames/2589_718_252_234.jpg,252,234
./data/processed_frames/2589_719_250_196.jpg,250,196
./data/processed_frames/2589_720_250_192.jpg,250,192
./data/processed_frames/2589_721_248_230.jpg,248,230
./data/processed_frames/2589_722_248_227.jpg,248,227
./data/processed_frames/2589_723_246_226.jpg,246,226
./data/processed_frames/2589_724_242_198.jpg,242,198
./data/processed_frames/2589_725_242_228.jpg,242,228
./data/processed_frames/2589_726_240_199.jpg,240,199
./data/processed_frames/2589_727_240_226.jpg,240,226
./data/processed_frames/2589_728_238_228.jpg,238,228
./data/processed_frames/2589_729_234_228.jpg,234,228
./data/processed_frames/2589_730_232_226.jpg,232,226
./data/processed_frames/2589_731_228_227.jpg,228,227
./data/processed_frames/2589_732_226_226.jpg,226,226
./data/processed_frames/2589_733_224_230.jpg,224,230
./data/processed_frames/2589_734_222_229.jpg,222,229
./data/processed_frames/2589_735_219_223.jpg,219,223
./data/processed_frames/2589_736_215_220.jpg,215,220
./data/processed_frames/2589_737_215_223.jpg,215,223
./data/processed_frames/2589_738_212_228.jpg,212,228
./data/processed_frames/2589_739_212_228.jpg,212,228
./data/processed_frames/2589_740_211_228.jpg,211,228
./data/processed_frames/2589_741_210_226.jpg,210,226
./data/processed_frames/2589_742_210_229.jpg,210,229
./data/processed_frames/2589_743_210_230.jpg,210,230
./data/processed_frames/2589_744_210_230.jpg,210,230
./data/processed_frames/2589_745_210_228.jpg,210,228
./data/processed_frames/2589_746_210_229.jpg,210,229
./data/processed_frames/2589_747_210_233.jpg,210,233
./data/processed_frames/2589_748_210_232.jpg,210,232
./data/processed_frames/2589_749_210_233.jpg,210,233
./data/processed_frames/2589_750_212_230.jpg,212,230
./data/processed_frames/2589_751_214_230.jpg,214,230
./data/processed_frames/2589_752_214_233.jpg,214,233
./data/processed_frames/2589_753_216_228.jpg,216,228
./data/processed_frames/2589_754_216_232.jpg,216,232
./data/processed_frames/2589_755_220_229.jpg,220,229
./data/processed_frames/2589_756_221_228.jpg,221,228
./data/processed_frames/2589_757_222_229.jpg,222,229
./data/processed_frames/2589_758_224_226.jpg,224,226
./data/processed_frames/2589_759_225_225.jpg,225,225
./data/processed_frames/2589_760_227_223.jpg,227,223
./data/processed_frames/2589_761_226_221.jpg,226,221
./data/processed_frames/2589_762_215_211.jpg,215,211
./data/processed_frames/2589_763_198_222.jpg,198,222
./data/processed_frames/2589_764_179_197.jpg,179,197
./data/processed_frames/2589_765_164_222.jpg,164,222
./data/processed_frames/2589_766_159_202.jpg,159,202
./data/processed_frames/2589_767_157_202.jpg,157,202
./data/processed_frames/2589_768_158_206.jpg,158,206
./data/processed_frames/2589_769_156_204.jpg,156,204
./data/processed_frames/2589_770_156_206.jpg,156,206
./data/processed_frames/2589_771_156_206.jpg,156,206
./data/processed_frames/2589_772_156_208.jpg,156,208
./data/processed_frames/2589_773_156_208.jpg,156,208
./data/processed_frames/2589_774_157_206.jpg,157,206
./data/processed_frames/2589_775_156_206.jpg,156,206
./data/processed_frames/2589_776_157_194.jpg,157,194
./data/processed_frames/2589_777_157_214.jpg,157,214
./data/processed_frames/2589_778_156_207.jpg,156,207
./data/processed_frames/2589_779_156_204.jpg,156,204
./data/processed_frames/2589_780_156_212.jpg,156,212
./data/processed_frames/2589_781_157_204.jpg,157,204
./data/processed_frames/2589_782_157_206.jpg,157,206
./data/processed_frames/2589_783_157_208.jpg,157,208
./data/processed_frames/2589_784_157_202.jpg,157,202
./data/processed_frames/2589_785_156_205.jpg,156,205
./data/processed_frames/2589_786_158_205.jpg,158,205
./data/processed_frames/2589_787_156_198.jpg,156,198
./data/processed_frames/2589_788_156_206.jpg,156,206
./data/processed_frames/2589_789_156_212.jpg,156,212
./data/processed_frames/2589_790_156_192.jpg,156,192
./data/processed_frames/2589_791_154_192.jpg,154,192
./data/processed_frames/2589_792_153_206.jpg,153,206
./data/processed_frames/2589_793_154_198.jpg,154,198
./data/processed_frames/2589_794_162_222.jpg,162,222
./data/processed_frames/2589_795_174_196.jpg,174,196
./data/processed_frames/2589_796_184_203.jpg,184,203
./data/processed_frames/2589_797_200_186.jpg,200,186
./data/processed_frames/2589_798_214_206.jpg,214,206
./data/processed_frames/2589_799_230_214.jpg,230,214
./data/processed_frames/2589_800_230_216.jpg,230,216
./data/processed_frames/2589_801_230_212.jpg,230,212
./data/processed_frames/2589_802_226_218.jpg,226,218
./data/processed_frames/2589_803_226_218.jpg,226,218
./data/processed_frames/2589_804_220_218.jpg,220,218
./data/processed_frames/2589_805_219_217.jpg,219,217
./data/processed_frames/2589_806_216_220.jpg,216,220
./data/processed_frames/2589_807_212_220.jpg,212,220
./data/processed_frames/2589_808_207_218.jpg,207,218
./data/processed_frames/2589_809_199_218.jpg,199,218
./data/processed_frames/2589_810_198_197.jpg,198,197
./data/processed_frames/2589_811_191_198.jpg,191,198
./data/processed_frames/2589_812_188_206.jpg,188,206
./data/processed_frames/2589_813_186_216.jpg,186,216
./data/processed_frames/2589_814_186_204.jpg,186,204
./data/processed_frames/2589_815_186_208.jpg,186,208
./data/processed_frames/2589_816_187_209.jpg,187,209
./data/processed_frames/2589_817_187_206.jpg,187,206
./data/processed_frames/2589_818_182_204.jpg,182,204
./data/processed_frames/2589_819_191_194.jpg,191,194
./data/processed_frames/2589_820_196_193.jpg,196,193
./data/processed_frames/2589_821_202_194.jpg,202,194
./data/processed_frames/2589_822_211_189.jpg,211,189
./data/processed_frames/2589_823_217_185.jpg,217,185
./data/processed_frames/2589_824_228_184.jpg,228,184
./data/processed_frames/2589_825_236_188.jpg,236,188
./data/processed_frames/2589_826_246_186.jpg,246,186
./data/processed_frames/2589_827_252_188.jpg,252,188
./data/processed_frames/2589_828_264_192.jpg,264,192
./data/processed_frames/2589_829_276_192.jpg,276,192
./data/processed_frames/2589_830_284_194.jpg,284,194
./data/processed_frames/2589_831_295_194.jpg,295,194
./data/processed_frames/2589_832_306_196.jpg,306,196
./data/processed_frames/2589_833_315_202.jpg,315,202
./data/processed_frames/2589_834_321_202.jpg,321,202
./data/processed_frames/2589_835_330_204.jpg,330,204
./data/processed_frames/2589_836_338_214.jpg,338,214
./data/processed_frames/2589_837_348_204.jpg,348,204
./data/processed_frames/2589_838_358_212.jpg,358,212
./data/processed_frames/2589_839_370_206.jpg,370,206
./data/processed_frames/2589_840_375_203.jpg,375,203
./data/processed_frames/2589_841_388_206.jpg,388,206
./data/processed_frames/2589_842_392_208.jpg,392,208
./data/processed_frames/2589_843_404_209.jpg,404,209
./data/processed_frames/2589_844_412_215.jpg,412,215
./data/processed_frames/2589_845_422_216.jpg,422,216
./data/processed_frames/2589_846_430_218.jpg,430,218
./data/processed_frames/2589_847_437_214.jpg,437,214
./data/processed_frames/2589_848_438_220.jpg,438,220
./data/processed_frames/2589_849_462_221.jpg,462,221
./data/processed_frames/2589_850_464_224.jpg,464,224
./data/processed_frames/2589_851_472_220.jpg,472,220
./data/processed_frames/2589_852_496_218.jpg,496,218
./data/processed_frames/2589_853_532_219.jpg,532,219
./data/processed_frames/2589_854_529_220.jpg,529,220
./data/processed_frames/2589_855_526_216.jpg,526,216
./data/processed_frames/2589_856_508_218.jpg,508,218
./data/processed_frames/2589_857_498_216.jpg,498,216
./data/processed_frames/2589_858_430_218.jpg,430,218
./data/processed_frames/2589_859_426_214.jpg,426,214
./data/processed_frames/2589_860_404_212.jpg,404,212
./data/processed_frames/2589_861_394_210.jpg,394,210
./data/processed_frames/2589_862_388_211.jpg,388,211
./data/processed_frames/2589_863_382_214.jpg,382,214
./data/processed_frames/2589_864_367_219.jpg,367,219
./data/processed_frames/2589_865_358_218.jpg,358,218
./data/processed_frames/2589_866_334_224.jpg,334,224
./data/processed_frames/2589_867_302_223.jpg,302,223
./data/processed_frames/2589_868_287_224.jpg,287,224
./data/processed_frames/2589_869_282_222.jpg,282,222
./data/processed_frames/2589_870_258_222.jpg,258,222
./data/processed_frames/2589_871_237_218.jpg,237,218
./data/processed_frames/2589_872_236_218.jpg,236,218
./data/processed_frames/2589_873_200_220.jpg,200,220
./data/processed_frames/2589_874_206_221.jpg,206,221
./data/processed_frames/2589_875_221_222.jpg,221,222
./data/processed_frames/2589_876_220_220.jpg,220,220
./data/processed_frames/2589_877_214_221.jpg,214,221
./data/processed_frames/2589_878_216_220.jpg,216,220
./data/processed_frames/2589_879_218_221.jpg,218,221
./data/processed_frames/2589_880_218_221.jpg,218,221
./data/processed_frames/2589_881_172_220.jpg,172,220
./data/processed_frames/2589_882_204_221.jpg,204,221
./data/processed_frames/2589_883_188_220.jpg,188,220
./data/processed_frames/2589_884_181_223.jpg,181,223
./data/processed_frames/2589_885_176_224.jpg,176,224
./data/processed_frames/2589_886_165_226.jpg,165,226
./data/processed_frames/2589_887_153_226.jpg,153,226
./data/processed_frames/2589_888_143_227.jpg,143,227
./data/processed_frames/2589_889_132_225.jpg,132,225
./data/processed_frames/2589_890_119_226.jpg,119,226
./data/processed_frames/2589_891_106_226.jpg,106,226
./data/processed_frames/2589_892_98_226.jpg,98,226
./data/processed_frames/2589_893_91_224.jpg,91,224
./data/processed_frames/2589_894_85_224.jpg,85,224
./data/processed_frames/2589_895_81_225.jpg,81,225
./data/processed_frames/2589_896_76_224.jpg,76,224
./data/processed_frames/2589_897_70_222.jpg,70,222
./data/processed_frames/2589_898_68_222.jpg,68,222
./data/processed_frames/2589_899_60_222.jpg,60,222
./data/processed_frames/2589_900_59_226.jpg,59,226
./data/processed_frames/2589_901_50_250.jpg,50,250
./data/processed_frames/2589_902_57_219.jpg,57,219
./data/processed_frames/2589_903_70_214.jpg,70,214
./data/processed_frames/2589_904_76_212.jpg,76,212
./data/processed_frames/2589_905_82_214.jpg,82,214
./data/processed_frames/2589_906_90_213.jpg,90,213
./data/processed_frames/2589_907_98_216.jpg,98,216
./data/processed_frames/2589_908_100_218.jpg,100,218
./data/processed_frames/2589_909_114_216.jpg,114,216
./data/processed_frames/2589_910_132_218.jpg,132,218
./data/processed_frames/2589_911_143_219.jpg,143,219
./data/processed_frames/2589_912_157_214.jpg,157,214
./data/processed_frames/2589_913_170_218.jpg,170,218
./data/processed_frames/2589_914_178_218.jpg,178,218
./data/processed_frames/2589_915_188_216.jpg,188,216
./data/processed_frames/2589_916_184_217.jpg,184,217
./data/processed_frames/2589_917_191_217.jpg,191,217
./data/processed_frames/2589_918_190_218.jpg,190,218
./data/processed_frames/2589_919_188_219.jpg,188,219
./data/processed_frames/2589_920_186_220.jpg,186,220
./data/processed_frames/2589_921_184_220.jpg,184,220
./data/processed_frames/2589_922_182_219.jpg,182,219
./data/processed_frames/2589_923_180_222.jpg,180,222
./data/processed_frames/2589_924_178_222.jpg,178,222
./data/processed_frames/2589_925_174_223.jpg,174,223
./data/processed_frames/2589_926_170_226.jpg,170,226
./data/processed_frames/2589_927_154_223.jpg,154,223
./data/processed_frames/2589_928_163_224.jpg,163,224
./data/processed_frames/2589_929_155_222.jpg,155,222
./data/processed_frames/2589_930_156_227.jpg,156,227
./data/processed_frames/2589_931_154_224.jpg,154,224
./data/processed_frames/2589_932_148_226.jpg,148,226
./data/processed_frames/2589_933_134_222.jpg,134,222
./data/processed_frames/2589_934_134_226.jpg,134,226
./data/processed_frames/2589_935_132_226.jpg,132,226
./data/processed_frames/2589_936_121_230.jpg,121,230
./data/processed_frames/2589_937_118_228.jpg,118,228
./data/processed_frames/2589_938_112_230.jpg,112,230
./data/processed_frames/2589_939_111_230.jpg,111,230
./data/processed_frames/2589_940_108_230.jpg,108,230
./data/processed_frames/2589_941_105_228.jpg,105,228
./data/processed_frames/2589_942_100_231.jpg,100,231
./data/processed_frames/2589_943_98_228.jpg,98,228
./data/processed_frames/2589_944_96_230.jpg,96,230
./data/processed_frames/2589_945_96_230.jpg,96,230
./data/processed_frames/2589_946_91_229.jpg,91,229
./data/processed_frames/2589_947_88_231.jpg,88,231
./data/processed_frames/2589_948_87_231.jpg,87,231
./data/processed_frames/2589_949_83_228.jpg,83,228
./data/processed_frames/2589_950_84_228.jpg,84,228
./data/processed_frames/2589_951_84_229.jpg,84,229
./data/processed_frames/2589_952_86_228.jpg,86,228
./data/processed_frames/2589_953_88_230.jpg,88,230
./data/processed_frames/2589_954_90_229.jpg,90,229
./data/processed_frames/2589_955_94_226.jpg,94,226
./data/processed_frames/2589_956_97_224.jpg,97,224
./data/processed_frames/2589_957_100_226.jpg,100,226
./data/processed_frames/2589_958_102_229.jpg,102,229
./data/processed_frames/2589_959_107_230.jpg,107,230
./data/processed_frames/2589_960_116_230.jpg,116,230
./data/processed_frames/2589_961_122_232.jpg,122,232
./data/processed_frames/2589_962_130_231.jpg,130,231
./data/processed_frames/2589_963_136_232.jpg,136,232
./data/processed_frames/2589_964_144_234.jpg,144,234
./data/processed_frames/2589_965_202_234.jpg,202,234
./data/processed_frames/2589_966_273_228.jpg,273,228
./data/processed_frames/2589_967_293_228.jpg,293,228
./data/processed_frames/2589_968_301_226.jpg,301,226
./data/processed_frames/2589_969_312_226.jpg,312,226
./data/processed_frames/2589_970_402_178.jpg,402,178
./data/processed_frames/2589_971_499_180.jpg,499,180
./data/processed_frames/2589_972_144_336.jpg,144,336
./data/processed_frames/2589_973_396_190.jpg,396,190
./data/processed_frames/2589_974_395_190.jpg,395,190
./data/processed_frames/2589_975_402_188.jpg,402,188
./data/processed_frames/2589_976_186_178.jpg,186,178
./data/processed_frames/2589_977_204_180.jpg,204,180
./data/processed_frames/2589_978_210_181.jpg,210,181
./data/processed_frames/2589_979_216_178.jpg,216,178
./data/processed_frames/2589_980_230_177.jpg,230,177
./data/processed_frames/2589_981_236_174.jpg,236,174
./data/processed_frames/2589_982_244_176.jpg,244,176
./data/processed_frames/2589_983_250_178.jpg,250,178
./data/processed_frames/2589_984_255_178.jpg,255,178
./data/processed_frames/2589_985_270_180.jpg,270,180
./data/processed_frames/2589_986_280_178.jpg,280,178
./data/processed_frames/2589_987_293_180.jpg,293,180
./data/processed_frames/2589_988_299_179.jpg,299,179
./data/processed_frames/2589_989_307_179.jpg,307,179
./data/processed_frames/2589_990_330_176.jpg,330,176
./data/processed_frames/2589_991_334_179.jpg,334,179
./data/processed_frames/2589_992_336_180.jpg,336,180
./data/processed_frames/2589_993_334_180.jpg,334,180
./data/processed_frames/2589_994_328_180.jpg,328,180
./data/processed_frames/2589_995_314_182.jpg,314,182
./data/processed_frames/2589_996_302_181.jpg,302,181
./data/processed_frames/2589_997_279_182.jpg,279,182
./data/processed_frames/2589_998_226_184.jpg,226,184
./data/processed_frames/2589_999_105_183.jpg,105,183
./data/processed_frames/2589_1000_146_179.jpg,146,179
./data/processed_frames/2589_1001_338_174.jpg,338,174
./data/processed_frames/2589_1002_357_178.jpg,357,178
./data/processed_frames/2589_1003_310_180.jpg,310,180
./data/processed_frames/2589_1004_313_185.jpg,313,185
./data/processed_frames/2589_1005_318_200.jpg,318,200
./data/processed_frames/2589_1006_320_204.jpg,320,204
./data/processed_frames/2589_1007_329_212.jpg,329,212
./data/processed_frames/2589_1008_328_216.jpg,328,216
./data/processed_frames/2589_1009_330_220.jpg,330,220
./data/processed_frames/2589_1010_331_226.jpg,331,226
./data/processed_frames/2589_1011_334_228.jpg,334,228
./data/processed_frames/2589_1012_336_231.jpg,336,231
./data/processed_frames/2589_1013_337_232.jpg,337,232
./data/processed_frames/2589_1014_338_234.jpg,338,234
./data/processed_frames/2589_1015_337_237.jpg,337,237
./data/processed_frames/2589_1016_342_240.jpg,342,240
./data/processed_frames/2589_1017_342_241.jpg,342,241
./data/processed_frames/2589_1018_344_242.jpg,344,242
./data/processed_frames/2589_1019_344_242.jpg,344,242
./data/processed_frames/2589_1020_341_242.jpg,341,242
./data/processed_frames/2589_1021_342_244.jpg,342,244
./data/processed_frames/2589_1022_340_245.jpg,340,245
./data/processed_frames/2589_1023_338_246.jpg,338,246
./data/processed_frames/2589_1024_338_246.jpg,338,246
./data/processed_frames/2589_1025_334_246.jpg,334,246
./data/processed_frames/2589_1026_332_247.jpg,332,247
./data/processed_frames/2589_1027_330_246.jpg,330,246
./data/processed_frames/2589_1028_328_246.jpg,328,246
./data/processed_frames/2589_1029_328_246.jpg,328,246
./data/processed_frames/2589_1030_328_246.jpg,328,246
./data/processed_frames/2589_1031_326_245.jpg,326,245
./data/processed_frames/2589_1032_326_245.jpg,326,245
./data/processed_frames/2589_1033_326_244.jpg,326,244
./data/processed_frames/2589_1034_326_242.jpg,326,242
./data/processed_frames/2589_1035_326_242.jpg,326,242
./data/processed_frames/2589_1036_326_242.jpg,326,242
./data/processed_frames/2589_1037_326_241.jpg,326,241
./data/processed_frames/2589_1038_326_241.jpg,326,241
./data/processed_frames/2589_1039_326_240.jpg,326,240
./data/processed_frames/2589_1040_326_240.jpg,326,240
./data/processed_frames/2589_1041_326_240.jpg,326,240
./data/processed_frames/2589_1042_326_239.jpg,326,239
./data/processed_frames/2589_1043_328_238.jpg,328,238
./data/processed_frames/2589_1044_327_238.jpg,327,238
./data/processed_frames/2589_1045_327_238.jpg,327,238
./data/processed_frames/2589_1046_328_236.jpg,328,236
./data/processed_frames/2589_1047_326_236.jpg,326,236
./data/processed_frames/2589_1048_326_234.jpg,326,234
./data/processed_frames/2589_1049_326_234.jpg,326,234
./data/processed_frames/2589_1050_326_233.jpg,326,233
./data/processed_frames/2589_1051_326_234.jpg,326,234
./data/processed_frames/2589_1052_325_234.jpg,325,234
./data/processed_frames/2589_1053_326_234.jpg,326,234
./data/processed_frames/2589_1054_326_232.jpg,326,232
./data/processed_frames/2589_1055_324_233.jpg,324,233
./data/processed_frames/2589_1056_323_232.jpg,323,232
./data/processed_frames/2589_1057_323_232.jpg,323,232
./data/processed_frames/2589_1058_323_232.jpg,323,232
./data/processed_frames/2589_1059_320_231.jpg,320,231
./data/processed_frames/2589_1060_320_230.jpg,320,230
./data/processed_frames/2589_1061_318_231.jpg,318,231
./data/processed_frames/2589_1062_318_230.jpg,318,230
./data/processed_frames/2589_1063_318_230.jpg,318,230
./data/processed_frames/2589_1064_318_230.jpg,318,230
./data/processed_frames/2589_1065_316_228.jpg,316,228
./data/processed_frames/2589_1066_316_230.jpg,316,230
./data/processed_frames/2589_1067_313_228.jpg,313,228
./data/processed_frames/2589_1068_311_229.jpg,311,229
./data/processed_frames/2589_1069_309_228.jpg,309,228
./data/processed_frames/2589_1070_310_228.jpg,310,228
./data/processed_frames/2589_1071_310_227.jpg,310,227
./data/processed_frames/2589_1072_308_226.jpg,308,226
./data/processed_frames/2589_1073_308_226.jpg,308,226
./data/processed_frames/2589_1074_306_226.jpg,306,226
./data/processed_frames/2589_1075_304_226.jpg,304,226
./data/processed_frames/2589_1076_304_226.jpg,304,226
./data/processed_frames/2589_1077_302_226.jpg,302,226
./data/processed_frames/2589_1078_303_226.jpg,303,226
./data/processed_frames/2589_1079_302_225.jpg,302,225
./data/processed_frames/2589_1080_302_225.jpg,302,225
./data/processed_frames/2589_1081_301_226.jpg,301,226
./data/processed_frames/2589_1082_302_226.jpg,302,226
./data/processed_frames/2589_1083_302_226.jpg,302,226
./data/processed_frames/2589_1084_304_226.jpg,304,226
./data/processed_frames/2589_1085_304_226.jpg,304,226
./data/processed_frames/2589_1086_303_226.jpg,303,226
./data/processed_frames/2589_1087_304_226.jpg,304,226
./data/processed_frames/2589_1088_304_226.jpg,304,226
./data/processed_frames/2589_1089_305_226.jpg,305,226
./data/processed_frames/2589_1090_306_226.jpg,306,226
./data/processed_frames/2589_1091_308_226.jpg,308,226
./data/processed_frames/2589_1092_308_228.jpg,308,228
./data/processed_frames/2589_1093_314_228.jpg,314,228
./data/processed_frames/2589_1094_316_228.jpg,316,228
./data/processed_frames/2589_1095_316_228.jpg,316,228
./data/processed_frames/2589_1096_319_228.jpg,319,228
./data/processed_frames/2589_1097_320_228.jpg,320,228
./data/processed_frames/2589_1098_322_229.jpg,322,229
./data/processed_frames/2589_1099_328_229.jpg,328,229
./data/processed_frames/2589_1100_328_230.jpg,328,230
./data/processed_frames/2589_1101_333_230.jpg,333,230
./data/processed_frames/2589_1102_332_230.jpg,332,230
./data/processed_frames/2589_1103_335_230.jpg,335,230
./data/processed_frames/2589_1104_338_230.jpg,338,230
./data/processed_frames/2589_1105_343_231.jpg,343,231
./data/processed_frames/2589_1106_351_231.jpg,351,231
./data/processed_frames/2589_1107_349_231.jpg,349,231
./data/processed_frames/2589_1108_356_232.jpg,356,232
./data/processed_frames/2589_1109_356_232.jpg,356,232
./data/processed_frames/2589_1110_356_232.jpg,356,232
./data/processed_frames/2589_1111_358_234.jpg,358,234
./data/processed_frames/2589_1112_357_234.jpg,357,234
./data/processed_frames/2589_1113_357_234.jpg,357,234
./data/processed_frames/2589_1114_358_235.jpg,358,235
./data/processed_frames/2589_1115_356_236.jpg,356,236
./data/processed_frames/2589_1116_354_236.jpg,354,236
./data/processed_frames/2589_1117_352_236.jpg,352,236
./data/processed_frames/2589_1118_350_238.jpg,350,238
./data/processed_frames/2589_1119_348_239.jpg,348,239
./data/processed_frames/2589_1120_344_239.jpg,344,239
./data/processed_frames/2589_1121_341_240.jpg,341,240
./data/processed_frames/2589_1122_336_240.jpg,336,240
./data/processed_frames/2589_1123_332_241.jpg,332,241
./data/processed_frames/2589_1124_326_243.jpg,326,243
./data/processed_frames/2589_1125_320_242.jpg,320,242
./data/processed_frames/2589_1126_312_244.jpg,312,244
./data/processed_frames/2589_1127_306_246.jpg,306,246
./data/processed_frames/2589_1128_296_246.jpg,296,246
./data/processed_frames/2589_1129_284_246.jpg,284,246
./data/processed_frames/2589_1130_278_247.jpg,278,247
./data/processed_frames/2589_1131_270_248.jpg,270,248
./data/processed_frames/2589_1132_250_246.jpg,250,246
./data/processed_frames/2589_1133_240_246.jpg,240,246
./data/processed_frames/2589_1134_237_247.jpg,237,247
./data/processed_frames/2589_1135_242_246.jpg,242,246
./data/processed_frames/2589_1136_220_246.jpg,220,246
./data/processed_frames/2589_1137_205_246.jpg,205,246
./data/processed_frames/2589_1138_198_248.jpg,198,248
./data/processed_frames/2589_1139_182_248.jpg,182,248
./data/processed_frames/2589_1140_177_248.jpg,177,248
./data/processed_frames/2589_1141_178_246.jpg,178,246
./data/processed_frames/2589_1142_170_246.jpg,170,246
./data/processed_frames/2589_1143_166_247.jpg,166,247
./data/processed_frames/2589_1144_162_248.jpg,162,248
./data/processed_frames/2589_1145_162_249.jpg,162,249
./data/processed_frames/2589_1146_160_250.jpg,160,250
./data/processed_frames/2589_1147_164_250.jpg,164,250
./data/processed_frames/2589_1148_157_249.jpg,157,249
./data/processed_frames/2589_1149_160_250.jpg,160,250
./data/processed_frames/2589_1150_156_251.jpg,156,251
./data/processed_frames/2589_1151_162_251.jpg,162,251
./data/processed_frames/2589_1152_166_250.jpg,166,250
./data/processed_frames/2589_1153_158_252.jpg,158,252
./data/processed_frames/2589_1154_162_251.jpg,162,251
./data/processed_frames/2589_1155_156_251.jpg,156,251
./data/processed_frames/2589_1156_158_250.jpg,158,250
./data/processed_frames/2589_1157_161_250.jpg,161,250
./data/processed_frames/2589_1158_169_250.jpg,169,250
./data/processed_frames/2589_1159_170_250.jpg,170,250
./data/processed_frames/2589_1160_174_250.jpg,174,250
./data/processed_frames/2589_1161_175_250.jpg,175,250
./data/processed_frames/2589_1162_182_251.jpg,182,251
./data/processed_frames/2589_1163_180_250.jpg,180,250
./data/processed_frames/2589_1164_179_250.jpg,179,250
./data/processed_frames/2589_1165_180_250.jpg,180,250
./data/processed_frames/2589_1166_182_251.jpg,182,251
./data/processed_frames/2589_1167_186_250.jpg,186,250
./data/processed_frames/2589_1168_182_250.jpg,182,250
./data/processed_frames/2589_1169_182_250.jpg,182,250
./data/processed_frames/2589_1170_182_248.jpg,182,248
./data/processed_frames/2589_1171_180_248.jpg,180,248
./data/processed_frames/2589_1172_243_252.jpg,243,252
./data/processed_frames/2589_1173_245_252.jpg,245,252
./data/processed_frames/2589_1174_246_249.jpg,246,249
./data/processed_frames/2589_1175_184_247.jpg,184,247
./data/processed_frames/2589_1176_182_248.jpg,182,248
./data/processed_frames/2589_1177_181_248.jpg,181,248
./data/processed_frames/2589_1178_251_246.jpg,251,246
./data/processed_frames/2589_1179_249_246.jpg,249,246
./data/processed_frames/2589_1180_250_246.jpg,250,246
./data/processed_frames/2589_1181_247_246.jpg,247,246
./data/processed_frames/2589_1182_244_248.jpg,244,248
./data/processed_frames/2589_1183_180_246.jpg,180,246
./data/processed_frames/2589_1184_241_246.jpg,241,246
./data/processed_frames/2589_1185_240_246.jpg,240,246
./data/processed_frames/2589_1186_236_248.jpg,236,248
./data/processed_frames/2589_1187_236_248.jpg,236,248
./data/processed_frames/2589_1188_231_249.jpg,231,249
./data/processed_frames/2589_1189_230_247.jpg,230,247
./data/processed_frames/2589_1190_220_246.jpg,220,246
./data/processed_frames/2589_1191_221_248.jpg,221,248
./data/processed_frames/2589_1192_218_250.jpg,218,250
./data/processed_frames/2589_1193_214_251.jpg,214,251
./data/processed_frames/2589_1194_210_250.jpg,210,250
./data/processed_frames/2589_1195_205_252.jpg,205,252
./data/processed_frames/2589_1196_166_250.jpg,166,250
./data/processed_frames/2589_1197_174_250.jpg,174,250
./data/processed_frames/2589_1198_161_250.jpg,161,250
./data/processed_frames/2589_1199_157_250.jpg,157,250
./data/processed_frames/2589_1200_164_250.jpg,164,250
./data/processed_frames/2589_1201_150_250.jpg,150,250
./data/processed_frames/2589_1202_156_250.jpg,156,250
./data/processed_frames/2589_1203_150_249.jpg,150,249
./data/processed_frames/2589_1204_144_250.jpg,144,250
./data/processed_frames/2589_1205_144_250.jpg,144,250
./data/processed_frames/2589_1206_146_250.jpg,146,250
./data/processed_frames/2589_1207_144_251.jpg,144,251
./data/processed_frames/2589_1208_151_252.jpg,151,252
./data/processed_frames/2589_1209_136_252.jpg,136,252
./data/processed_frames/2589_1210_124_252.jpg,124,252
./data/processed_frames/2589_1211_124_251.jpg,124,251
./data/processed_frames/2589_1212_124_250.jpg,124,250
./data/processed_frames/2589_1213_124_251.jpg,124,251
./data/processed_frames/2589_1214_122_252.jpg,122,252
./data/processed_frames/2589_1215_122_252.jpg,122,252
./data/processed_frames/2589_1216_119_252.jpg,119,252
./data/processed_frames/2589_1217_118_252.jpg,118,252
./data/processed_frames/2589_1218_116_252.jpg,116,252
./data/processed_frames/2589_1219_116_252.jpg,116,252
./data/processed_frames/2589_1220_114_252.jpg,114,252
./data/processed_frames/2589_1221_114_252.jpg,114,252
./data/processed_frames/2589_1222_112_252.jpg,112,252
./data/processed_frames/2589_1223_113_253.jpg,113,253
./data/processed_frames/2589_1224_116_252.jpg,116,252
./data/processed_frames/2589_1225_117_253.jpg,117,253
./data/processed_frames/2589_1226_120_252.jpg,120,252
./data/processed_frames/2589_1227_139_253.jpg,139,253
./data/processed_frames/2589_1228_120_252.jpg,120,252
./data/processed_frames/2589_1229_117_252.jpg,117,252
./data/processed_frames/2589_1230_116_252.jpg,116,252
./data/processed_frames/2589_1231_136_251.jpg,136,251
./data/processed_frames/2589_1232_124_251.jpg,124,251
./data/processed_frames/2589_1233_136_250.jpg,136,250
./data/processed_frames/2589_1234_135_251.jpg,135,251
./data/processed_frames/2589_1235_140_250.jpg,140,250
./data/processed_frames/2589_1236_144_250.jpg,144,250
./data/processed_frames/2589_1237_149_250.jpg,149,250
./data/processed_frames/2589_1238_155_251.jpg,155,251
./data/processed_frames/2589_1239_164_248.jpg,164,248
./data/processed_frames/2589_1240_188_250.jpg,188,250
./data/processed_frames/2589_1241_208_248.jpg,208,248
./data/processed_frames/2589_1242_218_250.jpg,218,250
./data/processed_frames/2589_1243_246_248.jpg,246,248
./data/processed_frames/2589_1244_269_247.jpg,269,247
./data/processed_frames/2589_1245_284_248.jpg,284,248
./data/processed_frames/2589_1246_303_248.jpg,303,248
./data/processed_frames/2589_1247_318_248.jpg,318,248
./data/processed_frames/2589_1248_336_246.jpg,336,246
./data/processed_frames/2589_1249_343_248.jpg,343,248
./data/processed_frames/2589_1250_368_248.jpg,368,248
./data/processed_frames/2589_1251_378_248.jpg,378,248
./data/processed_frames/2589_1252_402_248.jpg,402,248
./data/processed_frames/2589_1253_406_248.jpg,406,248
./data/processed_frames/2589_1254_438_248.jpg,438,248
./data/processed_frames/2589_1255_447_248.jpg,447,248
./data/processed_frames/2589_1256_461_248.jpg,461,248
./data/processed_frames/2589_1257_484_247.jpg,484,247
./data/processed_frames/2589_1258_495_246.jpg,495,246
./data/processed_frames/2589_1259_494_247.jpg,494,247
./data/processed_frames/2589_1260_470_247.jpg,470,247
./data/processed_frames/2589_1261_500_245.jpg,500,245
./data/processed_frames/2589_1262_496_244.jpg,496,244
./data/processed_frames/2589_1263_433_243.jpg,433,243
./data/processed_frames/2589_1264_326_238.jpg,326,238
./data/processed_frames/2589_1265_313_238.jpg,313,238
./data/processed_frames/2589_1266_308_237.jpg,308,237
./data/processed_frames/2589_1267_304_236.jpg,304,236
./data/processed_frames/2589_1268_296_238.jpg,296,238
./data/processed_frames/2589_1269_296_238.jpg,296,238
./data/processed_frames/2589_1270_294_240.jpg,294,240
./data/processed_frames/2589_1271_293_240.jpg,293,240
./data/processed_frames/2589_1272_282_240.jpg,282,240
./data/processed_frames/2589_1273_276_240.jpg,276,240
./data/processed_frames/2589_1274_273_238.jpg,273,238
./data/processed_frames/2589_1275_264_238.jpg,264,238
./data/processed_frames/2589_1276_254_239.jpg,254,239
./data/processed_frames/2589_1277_203_236.jpg,203,236
./data/processed_frames/2589_1278_189_236.jpg,189,236
./data/processed_frames/2589_1279_158_233.jpg,158,233
./data/processed_frames/2589_1280_146_232.jpg,146,232
./data/processed_frames/2589_1281_127_229.jpg,127,229
./data/processed_frames/2589_1282_119_229.jpg,119,229
./data/processed_frames/2589_1283_116_232.jpg,116,232
./data/processed_frames/2589_1284_126_234.jpg,126,234
./data/processed_frames/2589_1285_124_230.jpg,124,230
./data/processed_frames/2589_1286_120_238.jpg,120,238
./data/processed_frames/2589_1287_116_234.jpg,116,234
./data/processed_frames/2589_1288_113_242.jpg,113,242
./data/processed_frames/2589_1289_105_238.jpg,105,238
./data/processed_frames/2589_1290_96_234.jpg,96,234
./data/processed_frames/2589_1291_90_236.jpg,90,236
./data/processed_frames/2589_1292_84_237.jpg,84,237
./data/processed_frames/2589_1293_76_233.jpg,76,233
./data/processed_frames/2589_1294_70_232.jpg,70,232
./data/processed_frames/2589_1295_67_232.jpg,67,232
./data/processed_frames/2589_1296_64_232.jpg,64,232
./data/processed_frames/2589_1297_62_232.jpg,62,232
./data/processed_frames/2589_1298_59_232.jpg,59,232
./data/processed_frames/2589_1299_58_231.jpg,58,231
./data/processed_frames/2589_1300_58_231.jpg,58,231
./data/processed_frames/2589_1301_56_230.jpg,56,230
./data/processed_frames/2589_1302_56_230.jpg,56,230
./data/processed_frames/2589_1303_56_230.jpg,56,230
./data/processed_frames/2589_1304_58_228.jpg,58,228
./data/processed_frames/2589_1305_59_230.jpg,59,230
./data/processed_frames/2589_1306_62_232.jpg,62,232
./data/processed_frames/2589_1307_66_229.jpg,66,229
./data/processed_frames/2589_1308_68_230.jpg,68,230
./data/processed_frames/2589_1309_70_232.jpg,70,232
./data/processed_frames/2589_1310_72_227.jpg,72,227
./data/processed_frames/2589_1311_76_230.jpg,76,230
./data/processed_frames/2589_1312_80_232.jpg,80,232
./data/processed_frames/2589_1313_87_232.jpg,87,232
./data/processed_frames/2589_1314_92_232.jpg,92,232
./data/processed_frames/2589_1315_97_234.jpg,97,234
./data/processed_frames/2589_1316_100_231.jpg,100,231
./data/processed_frames/2589_1317_106_240.jpg,106,240
./data/processed_frames/2589_1318_118_236.jpg,118,236
./data/processed_frames/2589_1319_146_234.jpg,146,234
./data/processed_frames/2589_1320_148_240.jpg,148,240
./data/processed_frames/2589_1321_294_240.jpg,294,240
./data/processed_frames/2589_1322_305_240.jpg,305,240
./data/processed_frames/2589_1323_240_133.jpg,240,133
./data/processed_frames/2589_1324_344_244.jpg,344,244
./data/processed_frames/2589_1325_375_245.jpg,375,245
./data/processed_frames/2589_1326_380_246.jpg,380,246
./data/processed_frames/2589_1327_391_247.jpg,391,247
./data/processed_frames/2589_1328_405_245.jpg,405,245
./data/processed_frames/2589_1329_404_245.jpg,404,245
./data/processed_frames/2589_1330_406_245.jpg,406,245
./data/processed_frames/2589_1331_404_248.jpg,404,248
./data/processed_frames/2589_1332_402_246.jpg,402,246
./data/processed_frames/2589_1333_403_245.jpg,403,245
./data/processed_frames/2589_1334_398_247.jpg,398,247
./data/processed_frames/2589_1335_396_250.jpg,396,250
./data/processed_frames/2589_1336_391_250.jpg,391,250
./data/processed_frames/2589_1337_387_250.jpg,387,250
./data/processed_frames/2589_1338_382_248.jpg,382,248
./data/processed_frames/2589_1339_380_248.jpg,380,248
./data/processed_frames/2589_1340_380_230.jpg,380,230
./data/processed_frames/2589_1341_378_230.jpg,378,230
./data/processed_frames/2589_1342_378_238.jpg,378,238
./data/processed_frames/2589_1343_377_237.jpg,377,237
./data/processed_frames/2589_1344_374_238.jpg,374,238
./data/processed_frames/2589_1345_374_240.jpg,374,240
./data/processed_frames/2589_1346_374_238.jpg,374,238
./data/processed_frames/2589_1347_374_228.jpg,374,228
./data/processed_frames/2589_1348_374_240.jpg,374,240
./data/processed_frames/2589_1349_374_236.jpg,374,236
./data/processed_frames/2589_1350_374_233.jpg,374,233
./data/processed_frames/2589_1351_374_232.jpg,374,232
./data/processed_frames/2589_1352_374_234.jpg,374,234
./data/processed_frames/2589_1353_375_230.jpg,375,230
./data/processed_frames/2589_1354_377_228.jpg,377,228
./data/processed_frames/2589_1355_378_231.jpg,378,231
./data/processed_frames/2589_1356_380_230.jpg,380,230
./data/processed_frames/2589_1357_382_226.jpg,382,226
./data/processed_frames/2589_1358_382_232.jpg,382,232
./data/processed_frames/2589_1359_382_231.jpg,382,231
./data/processed_frames/2589_1360_384_230.jpg,384,230
./data/processed_frames/2589_1361_389_230.jpg,389,230
./data/processed_frames/2589_1362_388_232.jpg,388,232
./data/processed_frames/2589_1363_386_226.jpg,386,226
./data/processed_frames/2589_1364_386_226.jpg,386,226
./data/processed_frames/2589_1365_387_228.jpg,387,228
./data/processed_frames/2589_1366_386_224.jpg,386,224
./data/processed_frames/2589_1367_386_224.jpg,386,224
./data/processed_frames/2589_1368_384_223.jpg,384,223
./data/processed_frames/2589_1369_384_226.jpg,384,226
./data/processed_frames/2589_1370_384_230.jpg,384,230
./data/processed_frames/2589_1371_382_228.jpg,382,228
./data/processed_frames/2589_1372_382_227.jpg,382,227
./data/processed_frames/2589_1373_380_222.jpg,380,222
./data/processed_frames/2589_1374_379_216.jpg,379,216
./data/processed_frames/2589_1375_378_227.jpg,378,227
./data/processed_frames/2589_1376_378_216.jpg,378,216
./data/processed_frames/2589_1377_377_214.jpg,377,214
./data/processed_frames/2589_1378_376_210.jpg,376,210
./data/processed_frames/2589_1379_372_192.jpg,372,192
./data/processed_frames/2589_1380_372_194.jpg,372,194
./data/processed_frames/2589_1381_370_216.jpg,370,216
./data/processed_frames/2589_1382_370_216.jpg,370,216
./data/processed_frames/2589_1383_366_201.jpg,366,201
./data/processed_frames/2589_1384_363_222.jpg,363,222
./data/processed_frames/2589_1385_360_198.jpg,360,198
./data/processed_frames/2589_1386_358_220.jpg,358,220
./data/processed_frames/2589_1387_355_204.jpg,355,204
./data/processed_frames/2589_1388_353_226.jpg,353,226
./data/processed_frames/2589_1389_352_200.jpg,352,200
./data/processed_frames/2589_1390_348_217.jpg,348,217
./data/processed_frames/2589_1391_344_201.jpg,344,201
./data/processed_frames/2589_1392_340_204.jpg,340,204
./data/processed_frames/2589_1393_337_234.jpg,337,234
./data/processed_frames/2589_1394_334_220.jpg,334,220
./data/processed_frames/2589_1395_330_202.jpg,330,202
./data/processed_frames/2589_1396_325_234.jpg,325,234
./data/processed_frames/2589_1397_324_200.jpg,324,200
./data/processed_frames/2589_1398_322_197.jpg,322,197
./data/processed_frames/2589_1399_318_197.jpg,318,197
./data/processed_frames/2589_1400_314_194.jpg,314,194
./data/processed_frames/2589_1401_312_198.jpg,312,198
./data/processed_frames/2589_1402_310_232.jpg,310,232
./data/processed_frames/2589_1403_308_189.jpg,308,189
./data/processed_frames/2589_1404_306_196.jpg,306,196
./data/processed_frames/2589_1405_304_190.jpg,304,190
./data/processed_frames/2589_1406_304_188.jpg,304,188
./data/processed_frames/2589_1407_302_199.jpg,302,199
./data/processed_frames/2589_1408_300_194.jpg,300,194
./data/processed_frames/2589_1409_300_202.jpg,300,202
./data/processed_frames/2589_1410_300_191.jpg,300,191
./data/processed_frames/2589_1411_298_209.jpg,298,209
./data/processed_frames/2589_1412_298_222.jpg,298,222
./data/processed_frames/2589_1413_296_226.jpg,296,226
./data/processed_frames/2589_1414_296_206.jpg,296,206
./data/processed_frames/2589_1415_295_212.jpg,295,212
./data/processed_frames/2589_1416_294_222.jpg,294,222
./data/processed_frames/2589_1417_292_222.jpg,292,222
./data/processed_frames/2589_1418_292_224.jpg,292,224
./data/processed_frames/2589_1419_293_206.jpg,293,206
./data/processed_frames/2589_1420_293_212.jpg,293,212
./data/processed_frames/2589_1421_292_200.jpg,292,200
./data/processed_frames/2589_1422_294_204.jpg,294,204
./data/processed_frames/2589_1423_293_211.jpg,293,211
./data/processed_frames/2589_1424_292_224.jpg,292,224
./data/processed_frames/2589_1425_292_224.jpg,292,224
./data/processed_frames/2589_1426_293_222.jpg,293,222
./data/processed_frames/2589_1427_292_222.jpg,292,222
./data/processed_frames/2589_1428_292_222.jpg,292,222
./data/processed_frames/2589_1429_291_223.jpg,291,223
./data/processed_frames/2589_1430_292_224.jpg,292,224
./data/processed_frames/2589_1431_290_221.jpg,290,221
./data/processed_frames/2589_1432_290_223.jpg,290,223
./data/processed_frames/2589_1433_288_224.jpg,288,224
./data/processed_frames/2589_1434_286_223.jpg,286,223
./data/processed_frames/2589_1435_286_225.jpg,286,225
./data/processed_frames/2589_1436_286_220.jpg,286,220
./data/processed_frames/2589_1437_284_226.jpg,284,226
./data/processed_frames/2589_1438_284_222.jpg,284,222
./data/processed_frames/2589_1439_284_214.jpg,284,214
./data/processed_frames/2589_1440_282_218.jpg,282,218
./data/processed_frames/2589_1441_283_219.jpg,283,219
./data/processed_frames/2589_1442_279_218.jpg,279,218
./data/processed_frames/2589_1443_278_213.jpg,278,213
./data/processed_frames/2589_1444_274_220.jpg,274,220
./data/processed_frames/2589_1445_274_220.jpg,274,220
./data/processed_frames/2589_1446_272_216.jpg,272,216
./data/processed_frames/2589_1447_270_218.jpg,270,218
./data/processed_frames/2589_1448_268_216.jpg,268,216
./data/processed_frames/2589_1449_267_221.jpg,267,221
./data/processed_frames/2589_1450_264_219.jpg,264,219
./data/processed_frames/2589_1451_260_222.jpg,260,222
./data/processed_frames/2589_1452_256_222.jpg,256,222
./data/processed_frames/2589_1453_254_219.jpg,254,219
./data/processed_frames/2589_1454_252_222.jpg,252,222
./data/processed_frames/2589_1455_250_218.jpg,250,218
./data/processed_frames/2589_1456_249_219.jpg,249,219
./data/processed_frames/2589_1457_246_220.jpg,246,220
./data/processed_frames/2589_1458_244_220.jpg,244,220
./data/processed_frames/2589_1459_243_219.jpg,243,219
./data/processed_frames/2589_1460_242_218.jpg,242,218
./data/processed_frames/2589_1461_241_218.jpg,241,218
./data/processed_frames/2589_1462_240_217.jpg,240,217
./data/processed_frames/2589_1463_238_221.jpg,238,221
./data/processed_frames/2589_1464_238_223.jpg,238,223
./data/processed_frames/2589_1465_236_220.jpg,236,220
./data/processed_frames/2589_1466_236_222.jpg,236,222
./data/processed_frames/2589_1467_242_221.jpg,242,221
./data/processed_frames/2589_1468_247_224.jpg,247,224
./data/processed_frames/2589_1469_262_220.jpg,262,220
./data/processed_frames/2589_1470_267_218.jpg,267,218
./data/processed_frames/2589_1471_267_223.jpg,267,223
./data/processed_frames/2589_1472_270_220.jpg,270,220
./data/processed_frames/2589_1473_272_210.jpg,272,210
./data/processed_frames/2589_1474_272_216.jpg,272,216
./data/processed_frames/2589_1475_273_210.jpg,273,210
./data/processed_frames/2589_1476_273_210.jpg,273,210
./data/processed_frames/2589_1477_273_212.jpg,273,212
./data/processed_frames/2589_1478_273_217.jpg,273,217
./data/processed_frames/2589_1479_274_216.jpg,274,216
./data/processed_frames/2589_1480_274_216.jpg,274,216
./data/processed_frames/2589_1481_275_210.jpg,275,210
./data/processed_frames/2589_1482_275_215.jpg,275,215
./data/processed_frames/2589_1483_276_219.jpg,276,219
./data/processed_frames/2589_1484_278_219.jpg,278,219
./data/processed_frames/2589_1485_285_219.jpg,285,219
./data/processed_frames/2589_1486_294_218.jpg,294,218
./data/processed_frames/2589_1487_304_216.jpg,304,216
./data/processed_frames/2589_1488_317_218.jpg,317,218
./data/processed_frames/2589_1489_323_211.jpg,323,211
./data/processed_frames/2589_1490_327_218.jpg,327,218
./data/processed_frames/2589_1491_329_213.jpg,329,213
./data/processed_frames/2589_1492_330_214.jpg,330,214
./data/processed_frames/2589_1493_331_214.jpg,331,214
./data/processed_frames/2589_1494_330_216.jpg,330,216
./data/processed_frames/2589_1495_332_213.jpg,332,213
./data/processed_frames/2589_1496_332_213.jpg,332,213
./data/processed_frames/2589_1497_332_212.jpg,332,212
./data/processed_frames/2589_1498_333_216.jpg,333,216
./data/processed_frames/2589_1499_334_216.jpg,334,216
./data/processed_frames/2589_1500_333_214.jpg,333,214
./data/processed_frames/2589_1501_334_212.jpg,334,212
./data/processed_frames/2589_1502_334_212.jpg,334,212
./data/processed_frames/2589_1503_336_214.jpg,336,214
./data/processed_frames/2589_1504_335_214.jpg,335,214
./data/processed_frames/2589_1505_336_212.jpg,336,212
./data/processed_frames/2589_1506_335_212.jpg,335,212
./data/processed_frames/2589_1507_336_214.jpg,336,214
./data/processed_frames/2589_1508_336_213.jpg,336,213
./data/processed_frames/2589_1509_336_214.jpg,336,214
./data/processed_frames/2589_1510_337_214.jpg,337,214
./data/processed_frames/2589_1511_338_214.jpg,338,214
./data/processed_frames/2589_1512_338_212.jpg,338,212
./data/processed_frames/2589_1513_337_212.jpg,337,212
./data/processed_frames/2589_1514_338_213.jpg,338,213
./data/processed_frames/2589_1515_338_214.jpg,338,214
./data/processed_frames/2589_1516_338_215.jpg,338,215
./data/processed_frames/2589_1517_340_215.jpg,340,215
./data/processed_frames/2589_1518_332_216.jpg,332,216
./data/processed_frames/2589_1519_322_214.jpg,322,214
./data/processed_frames/2589_1520_316_217.jpg,316,217
./data/processed_frames/2589_1521_315_215.jpg,315,215
./data/processed_frames/2589_1522_314_212.jpg,314,212
./data/processed_frames/2589_1523_315_214.jpg,315,214
./data/processed_frames/2589_1524_314_214.jpg,314,214
./data/processed_frames/2589_1525_314_214.jpg,314,214
./data/processed_frames/2589_1526_314_212.jpg,314,212
./data/processed_frames/2589_1527_316_215.jpg,316,215
./data/processed_frames/2589_1528_316_215.jpg,316,215
./data/processed_frames/2589_1529_316_212.jpg,316,212
./data/processed_frames/2589_1530_316_214.jpg,316,214
./data/processed_frames/2589_1531_318_212.jpg,318,212
./data/processed_frames/2589_1532_318_206.jpg,318,206
./data/processed_frames/2589_1533_318_212.jpg,318,212
./data/processed_frames/2589_1534_318_214.jpg,318,214
./data/processed_frames/2589_1535_320_210.jpg,320,210
./data/processed_frames/2589_1536_324_208.jpg,324,208
./data/processed_frames/2589_1537_323_212.jpg,323,212
./data/processed_frames/2589_1538_324_212.jpg,324,212
./data/processed_frames/2589_1539_324_210.jpg,324,210
./data/processed_frames/2589_1540_325_212.jpg,325,212
./data/processed_frames/2589_1541_326_210.jpg,326,210
./data/processed_frames/2589_1542_326_210.jpg,326,210
./data/processed_frames/2589_1543_326_208.jpg,326,208
./data/processed_frames/2589_1544_326_211.jpg,326,211
./data/processed_frames/2589_1545_324_213.jpg,324,213
./data/processed_frames/2589_1546_318_214.jpg,318,214
./data/processed_frames/2589_1547_313_214.jpg,313,214
./data/processed_frames/2589_1548_310_212.jpg,310,212
./data/processed_frames/2589_1549_302_212.jpg,302,212
./data/processed_frames/2589_1550_295_210.jpg,295,210
./data/processed_frames/2589_1551_284_213.jpg,284,213
./data/processed_frames/2589_1552_279_214.jpg,279,214
./data/processed_frames/2589_1553_268_212.jpg,268,212
./data/processed_frames/2589_1554_260_215.jpg,260,215
./data/processed_frames/2589_1555_248_215.jpg,248,215
./data/processed_frames/2589_1556_240_216.jpg,240,216
./data/processed_frames/2589_1557_230_216.jpg,230,216
./data/processed_frames/2589_1558_218_216.jpg,218,216
./data/processed_frames/2589_1559_210_215.jpg,210,215
./data/processed_frames/2589_1560_201_216.jpg,201,216
./data/processed_frames/2589_1561_188_220.jpg,188,220
./data/processed_frames/2589_1562_180_216.jpg,180,216
./data/processed_frames/2589_1563_172_214.jpg,172,214
./data/processed_frames/2589_1564_166_212.jpg,166,212
./data/processed_frames/2589_1565_166_212.jpg,166,212
./data/processed_frames/2589_1566_164_218.jpg,164,218
./data/processed_frames/2589_1567_166_213.jpg,166,213
./data/processed_frames/2589_1568_166_217.jpg,166,217
./data/processed_frames/2589_1569_168_218.jpg,168,218
./data/processed_frames/2589_1570_168_217.jpg,168,217
./data/processed_frames/2589_1571_168_214.jpg,168,214
./data/processed_frames/2589_1572_170_212.jpg,170,212
./data/processed_frames/2589_1573_172_218.jpg,172,218
./data/processed_frames/2589_1574_172_218.jpg,172,218
./data/processed_frames/2589_1575_171_217.jpg,171,217
./data/processed_frames/2589_1576_172_218.jpg,172,218
./data/processed_frames/2589_1577_173_218.jpg,173,218
./data/processed_frames/2589_1578_173_222.jpg,173,222
./data/processed_frames/2589_1579_174_218.jpg,174,218
./data/processed_frames/2589_1580_176_220.jpg,176,220
./data/processed_frames/2589_1581_177_220.jpg,177,220
./data/processed_frames/2589_1582_178_218.jpg,178,218
./data/processed_frames/2589_1583_178_217.jpg,178,217
./data/processed_frames/2589_1584_180_220.jpg,180,220
./data/processed_frames/2589_1585_182_218.jpg,182,218
./data/processed_frames/2589_1586_182_218.jpg,182,218
./data/processed_frames/2589_1587_184_219.jpg,184,219
./data/processed_frames/2589_1588_184_220.jpg,184,220
./data/processed_frames/2589_1589_185_218.jpg,185,218
./data/processed_frames/2589_1590_186_219.jpg,186,219
./data/processed_frames/2589_1591_188_220.jpg,188,220
./data/processed_frames/2589_1592_188_220.jpg,188,220
./data/processed_frames/2589_1593_190_220.jpg,190,220
./data/processed_frames/2589_1594_190_219.jpg,190,219
./data/processed_frames/2589_1595_191_220.jpg,191,220
./data/processed_frames/2589_1596_192_220.jpg,192,220
./data/processed_frames/2589_1597_194_220.jpg,194,220
./data/processed_frames/2589_1598_195_220.jpg,195,220
./data/processed_frames/2589_1599_196_220.jpg,196,220
./data/processed_frames/2589_1600_196_220.jpg,196,220
./data/processed_frames/2589_1601_198_218.jpg,198,218
./data/processed_frames/2589_1602_198_216.jpg,198,216
./data/processed_frames/2589_1603_200_218.jpg,200,218
./data/processed_frames/2589_1604_200_219.jpg,200,219
./data/processed_frames/2589_1605_200_218.jpg,200,218
./data/processed_frames/2589_1606_202_220.jpg,202,220
./data/processed_frames/2589_1607_203_220.jpg,203,220
./data/processed_frames/2589_1608_202_220.jpg,202,220
./data/processed_frames/2589_1609_203_222.jpg,203,222
./data/processed_frames/2589_1610_202_222.jpg,202,222
./data/processed_frames/2589_1611_204_222.jpg,204,222
./data/processed_frames/2589_1612_204_220.jpg,204,220
./data/processed_frames/2589_1613_204_219.jpg,204,219
./data/processed_frames/2589_1614_206_220.jpg,206,220
./data/processed_frames/2589_1615_206_220.jpg,206,220
./data/processed_frames/2589_1616_206_218.jpg,206,218
./data/processed_frames/2589_1617_209_221.jpg,209,221
./data/processed_frames/2589_1618_208_220.jpg,208,220
./data/processed_frames/2589_1619_210_222.jpg,210,222
./data/processed_frames/2589_1620_210_220.jpg,210,220
./data/processed_frames/2589_1621_210_220.jpg,210,220
./data/processed_frames/2589_1622_211_219.jpg,211,219
./data/processed_frames/2589_1623_212_218.jpg,212,218
./data/processed_frames/2589_1624_212_218.jpg,212,218
./data/processed_frames/2589_1625_212_221.jpg,212,221
./data/processed_frames/2589_1626_213_221.jpg,213,221
./data/processed_frames/2589_1627_213_222.jpg,213,222
./data/processed_frames/2589_1628_214_220.jpg,214,220
./data/processed_frames/2589_1629_215_220.jpg,215,220
./data/processed_frames/2589_1630_214_219.jpg,214,219
./data/processed_frames/2589_1631_216_216.jpg,216,216
./data/processed_frames/2589_1632_216_219.jpg,216,219
./data/processed_frames/2589_1633_216_215.jpg,216,215
./data/processed_frames/2589_1634_218_219.jpg,218,219
./data/processed_frames/2589_1635_218_214.jpg,218,214
./data/processed_frames/2589_1636_220_214.jpg,220,214
./data/processed_frames/2589_1637_218_220.jpg,218,220
./data/processed_frames/2589_1638_219_218.jpg,219,218
./data/processed_frames/2589_1639_218_215.jpg,218,215
./data/processed_frames/2589_1640_220_212.jpg,220,212
./data/processed_frames/2589_1641_222_212.jpg,222,212
./data/processed_frames/2589_1642_225_220.jpg,225,220
./data/processed_frames/2589_1643_224_220.jpg,224,220
./data/processed_frames/2589_1644_224_220.jpg,224,220
./data/processed_frames/2589_1645_224_220.jpg,224,220
./data/processed_frames/2589_1646_224_220.jpg,224,220
./data/processed_frames/2589_1647_226_218.jpg,226,218
./data/processed_frames/2589_1648_226_218.jpg,226,218
./data/processed_frames/2589_1649_227_218.jpg,227,218
./data/processed_frames/2589_1650_228_218.jpg,228,218
./data/processed_frames/2589_1651_229_219.jpg,229,219
./data/processed_frames/2589_1652_230_220.jpg,230,220
./data/processed_frames/2589_1653_230_219.jpg,230,219
./data/processed_frames/2589_1654_232_219.jpg,232,219
./data/processed_frames/2589_1655_233_220.jpg,233,220
./data/processed_frames/2589_1656_233_216.jpg,233,216
./data/processed_frames/2589_1657_234_218.jpg,234,218
./data/processed_frames/2589_1658_234_220.jpg,234,220
./data/processed_frames/2589_1659_235_219.jpg,235,219
./data/processed_frames/2589_1660_236_220.jpg,236,220
./data/processed_frames/2589_1661_236_218.jpg,236,218
./data/processed_frames/2589_1662_237_219.jpg,237,219
./data/processed_frames/2589_1663_237_220.jpg,237,220
./data/processed_frames/2589_1664_238_217.jpg,238,217
./data/processed_frames/2589_1665_238_220.jpg,238,220
./data/processed_frames/2589_1666_239_220.jpg,239,220
./data/processed_frames/2589_1667_241_221.jpg,241,221
./data/processed_frames/2589_1668_243_217.jpg,243,217
./data/processed_frames/2589_1669_243_220.jpg,243,220
./data/processed_frames/2589_1670_244_220.jpg,244,220
./data/processed_frames/2589_1671_244_222.jpg,244,222
./data/processed_frames/2589_1672_246_222.jpg,246,222
./data/processed_frames/2589_1673_244_222.jpg,244,222
./data/processed_frames/2589_1674_246_222.jpg,246,222
./data/processed_frames/2589_1675_246_222.jpg,246,222
./data/processed_frames/2589_1676_247_222.jpg,247,222
./data/processed_frames/2589_1677_248_223.jpg,248,223
./data/processed_frames/2589_1678_248_222.jpg,248,222
./data/processed_frames/2589_1679_248_221.jpg,248,221
./data/processed_frames/2589_1680_249_224.jpg,249,224
./data/processed_frames/2589_1681_251_224.jpg,251,224
./data/processed_frames/2589_1682_250_222.jpg,250,222
./data/processed_frames/2589_1683_251_224.jpg,251,224
./data/processed_frames/2589_1684_253_224.jpg,253,224
./data/processed_frames/2589_1685_252_223.jpg,252,223
./data/processed_frames/2589_1686_252_222.jpg,252,222
./data/processed_frames/2589_1687_252_224.jpg,252,224
./data/processed_frames/2589_1688_254_224.jpg,254,224
./data/processed_frames/2589_1689_254_223.jpg,254,223
